scarcity,method,n,mean_CDC,median_CDC,std_CDC,mean_TDC,median_TDC,mean_runtime_ms,median_runtime_ms,p95_runtime_ms,mean_optimality_gap,median_optimality_gap,mean_aashray_minus_fcfs,median_aashray_minus_fcfs,aashray_win_pct,tie_pct,fcfs_win_pct
LOW,FCFS,1200,1.0,1.0,0.0,1.0,1.0,0.33047308381355833,0.2748499973677099,0.7429550110828131,0.0,0.0,,,,,
LOW,AASHRAY,1200,1.0,1.0,0.0,1.0,1.0,0.23772808390882952,0.20824999955948442,0.4493249871302396,0.0,0.0,0.0,0.0,0.0,100.0,0.0
LOW,MILP,1200,1.0,1.0,0.0,N/A - not an optimization benchmark,N/A - not an optimization benchmark,1.7442704163840972,1.2892000086139888,5.626210008631454,,,,,,,
MODERATE,FCFS,4800,0.9709408727546084,1.0,0.09344494083022115,0.9746791006653402,0.9801444728994488,0.5357904374977807,0.27609999233391136,0.7831049966625869,0.02859138675032949,0.0,,,,,
MODERATE,AASHRAY,4800,0.9983367877236439,1.0,0.018224434180550815,0.9746791006653402,0.9801444728994488,0.2461780833073135,0.21194999862927943,0.48152999952435505,0.0011896599645990736,0.0,0.027395914969035373,0.0,24.583333333333332,74.5625,0.8541666666666666
MODERATE,MILP,4800,0.999525937707434,1.0,0.005026257125895256,N/A - not an optimization benchmark,N/A - not an optimization benchmark,2.0566068538816276,1.328099999227561,6.305769993923605,,,,,,,
HIGH,FCFS,6000,0.49581788289472106,0.49218169615588286,0.3701542093817767,0.4991373229864295,0.49911981389953963,0.36337205008021556,0.28110000130254775,0.766404987371061,0.4794460349771439,0.4711264407565468,,,,,
HIGH,AASHRAY,6000,0.8967673572537377,1.0,0.20243070474087554,0.4991373229864295,0.49911981389953963,0.25046399985149037,0.21499999274965376,0.4993000184185803,0.06909763723729513,0.0,0.4009494743590167,0.356175918427446,74.6,20.283333333333335,5.116666666666666
HIGH,MILP,6000,0.9636891279650763,1.0,0.10061642375745553,N/A - not an optimization benchmark,N/A - not an optimization benchmark,2.9507814501800262,1.5059500001370907,7.4665049847681075,,,,,,,
