Scenario ID,Disaster,Type,Location,District,Affected Population,Severity,Urgency,Priority,Water Required,Water Allocated,Water Shortage,Food Required,Food Allocated,Food Shortage,Medical Kits Required,Medical Kits Allocated,Medical Kits Shortage,Fulfilment,Mission ID,Responder ID,Responder Type,Warehouses,Route Legs,Route Distance KM,ETA Minutes,Route Status,Mission Final State,Responder Final State,Final Classification,Failure Reason
E2E-001,1944 Bombay explosion,EXPLOSION,"Victoria Dock, Mazagaon, Mumbai",Mumbai City,80000,0.85,0.9,HIGH,160000.0,2750.0,157250.0,80000.0,1900.0,78100.0,4000.0,450.0,3550.0,PARTIALLY_FULFILLED,MIS-478B534C,R002,AMBULANCE,WH001 > WH002 > WH003 > WH004 > WH005,6,99.58,254.62,ROUTE_PLANNED,COMPLETED,AVAILABLE,SUCCESS_PARTIALLY_FULFILLED,
E2E-023,Maharashtra floods of 2005,FLOOD,"Santacruz, Mumbai",Mumbai Suburban,1094,0.95,0.8,CRITICAL,2188.0,2188.0,0.0,1094.0,1094.0,0.0,54.7,54.7,0.0,FULLY_FULFILLED,MIS-2A57613B,R001,RESCUE_TRUCK,WH001 > WH002 > WH003,4,32.55,136.43,ROUTE_PLANNED,CANCELLED,AVAILABLE,SUCCESS_FULLY_FULFILLED,
E2E-038,2013 Thane building collapse,BUILDING_COLLAPSE,"Shil Phata, Mumbra, Thane",Thane,174,0.75,0.9,MODERATE,348.0,348.0,0.0,174.0,174.0,0.0,8.700000000000001,8.700000000000001,0.0,FULLY_FULFILLED,MIS-5FA91B55,R002,AMBULANCE,WH001,2,37.3,86.01,ROUTE_PLANNED,COMPLETED,AVAILABLE,SUCCESS_FULLY_FULFILLED,
E2E-051,2017 Mumbai stampede,STAMPEDE,"Prabhadevi (Elphinstone Road), Mumbai",Mumbai City,62,0.75,0.9,MODERATE,124.0,124.0,0.0,62.0,62.0,0.0,3.1,3.1,0.0,FULLY_FULFILLED,MIS-A233CDAB,R002,AMBULANCE,WH001,2,16.43,71.3,ROUTE_PLANNED,COMPLETED,AVAILABLE,SUCCESS_FULLY_FULFILLED,
E2E-053,Kamala Mills fire,FIRE,"Lower Parel, Mumbai",Mumbai City,69,0.65,0.9,LOW,138.0,138.0,0.0,69.0,69.0,0.0,3.45,3.45,0.0,FULLY_FULFILLED,MIS-15D6B67C,R002,AMBULANCE,WH001,2,17.97,73.3,ROUTE_PLANNED,COMPLETED,AVAILABLE,SUCCESS_FULLY_FULFILLED,
E2E-059,2019 Mumbai foot overbridge collapse,STRUCTURAL_COLLAPSE,"CSMT, Mumbai",Mumbai City,36,0.65,0.9,LOW,72.0,72.0,0.0,36.0,36.0,0.0,1.8,1.8,0.0,FULLY_FULFILLED,MIS-F4DEE99E,R002,AMBULANCE,WH001,2,28.02,62.36,ROUTE_PLANNED,CANCELLED,AVAILABLE,SUCCESS_FULLY_FULFILLED,
E2E-076,2021 Mumbai landslide,LANDSLIDE,"Chembur, Mumbai",Mumbai Suburban,152,0.75,0.9,MODERATE,304.0,304.0,0.0,152.0,152.0,0.0,7.6000000000000005,7.6000000000000005,0.0,FULLY_FULFILLED,MIS-3FD7A95A,R002,AMBULANCE,WH001,2,9.05,42.08,ROUTE_PLANNED,COMPLETED,AVAILABLE,SUCCESS_FULLY_FULFILLED,
E2E-081,2022 Mumbai building collapse,BUILDING_COLLAPSE,"Kurla, Mumbai",Mumbai Suburban,19,0.65,0.9,LOW,38.0,38.0,0.0,19.0,19.0,0.0,0.9500000000000001,0.9500000000000001,0.0,FULLY_FULFILLED,MIS-3E86E1E5,R002,AMBULANCE,WH001,2,5.31,30.01,ROUTE_PLANNED,COMPLETED,AVAILABLE,SUCCESS_FULLY_FULFILLED,
E2E-087,2023 Raigad landslide,LANDSLIDE,"Irshalwadi, Khalapur, Raigad",Raigad,233,0.75,0.9,MODERATE,466.0,466.0,0.0,233.0,233.0,0.0,11.65,11.65,0.0,FULLY_FULFILLED,MIS-96FFF6BA,R002,AMBULANCE,WH001,2,75.11,117.1,ROUTE_PLANNED,COMPLETED,AVAILABLE,SUCCESS_FULLY_FULFILLED,
E2E-092,Mumbai billboard collapse,STRUCTURAL_COLLAPSE,"Chheda Nagar, Ghatkopar, Mumbai",Mumbai Suburban,92,0.65,0.9,LOW,184.0,184.0,0.0,92.0,92.0,0.0,4.6000000000000005,4.6000000000000005,0.0,FULLY_FULFILLED,MIS-6AAED4F7,R002,AMBULANCE,WH001,2,9.48,40.91,ROUTE_PLANNED,CANCELLED,AVAILABLE,SUCCESS_FULLY_FULFILLED,
E2E-093,2024 Thane explosion,EXPLOSION,"Dombivli MIDC, Thane",Thane,74,0.65,0.9,LOW,148.0,148.0,0.0,74.0,74.0,0.0,3.7,3.7,0.0,FULLY_FULFILLED,MIS-24392753,R002,AMBULANCE,WH001,2,41.26,95.9,ROUTE_PLANNED,COMPLETED,AVAILABLE,SUCCESS_FULLY_FULFILLED,
