config_id,alpha,k,m,n
C000,0.0,0.0,0.0,1.0
C001,0.0,0.0,0.1,0.9
C002,0.0,0.0,0.2,0.8
C003,0.0,0.0,0.3,0.7
C004,0.0,0.0,0.4,0.6
C005,0.0,0.0,0.5,0.5
C006,0.0,0.0,0.6,0.4
C007,0.0,0.0,0.7,0.3
C008,0.0,0.0,0.8,0.2
C009,0.0,0.0,0.9,0.1
C010,0.0,0.0,1.0,0.0
C011,0.0,0.1,0.0,0.9
C012,0.0,0.1,0.1,0.8
C013,0.0,0.1,0.2,0.7
C014,0.0,0.1,0.3,0.6
C015,0.0,0.1,0.4,0.5
C016,0.0,0.1,0.5,0.4
C017,0.0,0.1,0.6,0.3
C018,0.0,0.1,0.7,0.2
C019,0.0,0.1,0.8,0.1
C020,0.0,0.1,0.9,0.0
C021,0.0,0.2,0.0,0.8
C022,0.0,0.2,0.1,0.7
C023,0.0,0.2,0.2,0.6
C024,0.0,0.2,0.3,0.5
C025,0.0,0.2,0.4,0.4
C026,0.0,0.2,0.5,0.3
C027,0.0,0.2,0.6,0.2
C028,0.0,0.2,0.7,0.1
C029,0.0,0.2,0.8,0.0
C030,0.0,0.3,0.0,0.7
C031,0.0,0.3,0.1,0.6
C032,0.0,0.3,0.2,0.5
C033,0.0,0.3,0.3,0.4
C034,0.0,0.3,0.4,0.3
C035,0.0,0.3,0.5,0.2
C036,0.0,0.3,0.6,0.1
C037,0.0,0.3,0.7,0.0
C038,0.0,0.4,0.0,0.6
C039,0.0,0.4,0.1,0.5
C040,0.0,0.4,0.2,0.4
C041,0.0,0.4,0.3,0.3
C042,0.0,0.4,0.4,0.2
C043,0.0,0.4,0.5,0.1
C044,0.0,0.4,0.6,0.0
C045,0.0,0.5,0.0,0.5
C046,0.0,0.5,0.1,0.4
C047,0.0,0.5,0.2,0.3
C048,0.0,0.5,0.3,0.2
C049,0.0,0.5,0.4,0.1
C050,0.0,0.5,0.5,0.0
C051,0.0,0.6,0.0,0.4
C052,0.0,0.6,0.1,0.3
C053,0.0,0.6,0.2,0.2
C054,0.0,0.6,0.3,0.1
C055,0.0,0.6,0.4,0.0
C056,0.0,0.7,0.0,0.3
C057,0.0,0.7,0.1,0.2
C058,0.0,0.7,0.2,0.1
C059,0.0,0.7,0.3,0.0
C060,0.0,0.8,0.0,0.2
C061,0.0,0.8,0.1,0.1
C062,0.0,0.8,0.2,0.0
C063,0.0,0.9,0.0,0.1
C064,0.0,0.9,0.1,0.0
C065,0.0,1.0,0.0,0.0
C066,0.1,0.0,0.0,1.0
C067,0.1,0.0,0.1,0.9
C068,0.1,0.0,0.2,0.8
C069,0.1,0.0,0.3,0.7
C070,0.1,0.0,0.4,0.6
C071,0.1,0.0,0.5,0.5
C072,0.1,0.0,0.6,0.4
C073,0.1,0.0,0.7,0.3
C074,0.1,0.0,0.8,0.2
C075,0.1,0.0,0.9,0.1
C076,0.1,0.0,1.0,0.0
C077,0.1,0.1,0.0,0.9
C078,0.1,0.1,0.1,0.8
C079,0.1,0.1,0.2,0.7
C080,0.1,0.1,0.3,0.6
C081,0.1,0.1,0.4,0.5
C082,0.1,0.1,0.5,0.4
C083,0.1,0.1,0.6,0.3
C084,0.1,0.1,0.7,0.2
C085,0.1,0.1,0.8,0.1
C086,0.1,0.1,0.9,0.0
C087,0.1,0.2,0.0,0.8
C088,0.1,0.2,0.1,0.7
C089,0.1,0.2,0.2,0.6
C090,0.1,0.2,0.3,0.5
C091,0.1,0.2,0.4,0.4
C092,0.1,0.2,0.5,0.3
C093,0.1,0.2,0.6,0.2
C094,0.1,0.2,0.7,0.1
C095,0.1,0.2,0.8,0.0
C096,0.1,0.3,0.0,0.7
C097,0.1,0.3,0.1,0.6
C098,0.1,0.3,0.2,0.5
C099,0.1,0.3,0.3,0.4
C100,0.1,0.3,0.4,0.3
C101,0.1,0.3,0.5,0.2
C102,0.1,0.3,0.6,0.1
C103,0.1,0.3,0.7,0.0
C104,0.1,0.4,0.0,0.6
C105,0.1,0.4,0.1,0.5
C106,0.1,0.4,0.2,0.4
C107,0.1,0.4,0.3,0.3
C108,0.1,0.4,0.4,0.2
C109,0.1,0.4,0.5,0.1
C110,0.1,0.4,0.6,0.0
C111,0.1,0.5,0.0,0.5
C112,0.1,0.5,0.1,0.4
C113,0.1,0.5,0.2,0.3
C114,0.1,0.5,0.3,0.2
C115,0.1,0.5,0.4,0.1
C116,0.1,0.5,0.5,0.0
C117,0.1,0.6,0.0,0.4
C118,0.1,0.6,0.1,0.3
C119,0.1,0.6,0.2,0.2
C120,0.1,0.6,0.3,0.1
C121,0.1,0.6,0.4,0.0
C122,0.1,0.7,0.0,0.3
C123,0.1,0.7,0.1,0.2
C124,0.1,0.7,0.2,0.1
C125,0.1,0.7,0.3,0.0
C126,0.1,0.8,0.0,0.2
C127,0.1,0.8,0.1,0.1
C128,0.1,0.8,0.2,0.0
C129,0.1,0.9,0.0,0.1
C130,0.1,0.9,0.1,0.0
C131,0.1,1.0,0.0,0.0
C132,0.2,0.0,0.0,1.0
C133,0.2,0.0,0.1,0.9
C134,0.2,0.0,0.2,0.8
C135,0.2,0.0,0.3,0.7
C136,0.2,0.0,0.4,0.6
C137,0.2,0.0,0.5,0.5
C138,0.2,0.0,0.6,0.4
C139,0.2,0.0,0.7,0.3
C140,0.2,0.0,0.8,0.2
C141,0.2,0.0,0.9,0.1
C142,0.2,0.0,1.0,0.0
C143,0.2,0.1,0.0,0.9
C144,0.2,0.1,0.1,0.8
C145,0.2,0.1,0.2,0.7
C146,0.2,0.1,0.3,0.6
C147,0.2,0.1,0.4,0.5
C148,0.2,0.1,0.5,0.4
C149,0.2,0.1,0.6,0.3
C150,0.2,0.1,0.7,0.2
C151,0.2,0.1,0.8,0.1
C152,0.2,0.1,0.9,0.0
C153,0.2,0.2,0.0,0.8
C154,0.2,0.2,0.1,0.7
C155,0.2,0.2,0.2,0.6
C156,0.2,0.2,0.3,0.5
C157,0.2,0.2,0.4,0.4
C158,0.2,0.2,0.5,0.3
C159,0.2,0.2,0.6,0.2
C160,0.2,0.2,0.7,0.1
C161,0.2,0.2,0.8,0.0
C162,0.2,0.3,0.0,0.7
C163,0.2,0.3,0.1,0.6
C164,0.2,0.3,0.2,0.5
C165,0.2,0.3,0.3,0.4
C166,0.2,0.3,0.4,0.3
C167,0.2,0.3,0.5,0.2
C168,0.2,0.3,0.6,0.1
C169,0.2,0.3,0.7,0.0
C170,0.2,0.4,0.0,0.6
C171,0.2,0.4,0.1,0.5
C172,0.2,0.4,0.2,0.4
C173,0.2,0.4,0.3,0.3
C174,0.2,0.4,0.4,0.2
C175,0.2,0.4,0.5,0.1
C176,0.2,0.4,0.6,0.0
C177,0.2,0.5,0.0,0.5
C178,0.2,0.5,0.1,0.4
C179,0.2,0.5,0.2,0.3
C180,0.2,0.5,0.3,0.2
C181,0.2,0.5,0.4,0.1
C182,0.2,0.5,0.5,0.0
C183,0.2,0.6,0.0,0.4
C184,0.2,0.6,0.1,0.3
C185,0.2,0.6,0.2,0.2
C186,0.2,0.6,0.3,0.1
C187,0.2,0.6,0.4,0.0
C188,0.2,0.7,0.0,0.3
C189,0.2,0.7,0.1,0.2
C190,0.2,0.7,0.2,0.1
C191,0.2,0.7,0.3,0.0
C192,0.2,0.8,0.0,0.2
C193,0.2,0.8,0.1,0.1
C194,0.2,0.8,0.2,0.0
C195,0.2,0.9,0.0,0.1
C196,0.2,0.9,0.1,0.0
C197,0.2,1.0,0.0,0.0
C198,0.3,0.0,0.0,1.0
C199,0.3,0.0,0.1,0.9
C200,0.3,0.0,0.2,0.8
C201,0.3,0.0,0.3,0.7
C202,0.3,0.0,0.4,0.6
C203,0.3,0.0,0.5,0.5
C204,0.3,0.0,0.6,0.4
C205,0.3,0.0,0.7,0.3
C206,0.3,0.0,0.8,0.2
C207,0.3,0.0,0.9,0.1
C208,0.3,0.0,1.0,0.0
C209,0.3,0.1,0.0,0.9
C210,0.3,0.1,0.1,0.8
C211,0.3,0.1,0.2,0.7
C212,0.3,0.1,0.3,0.6
C213,0.3,0.1,0.4,0.5
C214,0.3,0.1,0.5,0.4
C215,0.3,0.1,0.6,0.3
C216,0.3,0.1,0.7,0.2
C217,0.3,0.1,0.8,0.1
C218,0.3,0.1,0.9,0.0
C219,0.3,0.2,0.0,0.8
C220,0.3,0.2,0.1,0.7
C221,0.3,0.2,0.2,0.6
C222,0.3,0.2,0.3,0.5
C223,0.3,0.2,0.4,0.4
C224,0.3,0.2,0.5,0.3
C225,0.3,0.2,0.6,0.2
C226,0.3,0.2,0.7,0.1
C227,0.3,0.2,0.8,0.0
C228,0.3,0.3,0.0,0.7
C229,0.3,0.3,0.1,0.6
C230,0.3,0.3,0.2,0.5
C231,0.3,0.3,0.3,0.4
C232,0.3,0.3,0.4,0.3
C233,0.3,0.3,0.5,0.2
C234,0.3,0.3,0.6,0.1
C235,0.3,0.3,0.7,0.0
C236,0.3,0.4,0.0,0.6
C237,0.3,0.4,0.1,0.5
C238,0.3,0.4,0.2,0.4
C239,0.3,0.4,0.3,0.3
C240,0.3,0.4,0.4,0.2
C241,0.3,0.4,0.5,0.1
C242,0.3,0.4,0.6,0.0
C243,0.3,0.5,0.0,0.5
C244,0.3,0.5,0.1,0.4
C245,0.3,0.5,0.2,0.3
C246,0.3,0.5,0.3,0.2
C247,0.3,0.5,0.4,0.1
C248,0.3,0.5,0.5,0.0
C249,0.3,0.6,0.0,0.4
C250,0.3,0.6,0.1,0.3
C251,0.3,0.6,0.2,0.2
C252,0.3,0.6,0.3,0.1
C253,0.3,0.6,0.4,0.0
C254,0.3,0.7,0.0,0.3
C255,0.3,0.7,0.1,0.2
C256,0.3,0.7,0.2,0.1
C257,0.3,0.7,0.3,0.0
C258,0.3,0.8,0.0,0.2
C259,0.3,0.8,0.1,0.1
C260,0.3,0.8,0.2,0.0
C261,0.3,0.9,0.0,0.1
C262,0.3,0.9,0.1,0.0
C263,0.3,1.0,0.0,0.0
C264,0.4,0.0,0.0,1.0
C265,0.4,0.0,0.1,0.9
C266,0.4,0.0,0.2,0.8
C267,0.4,0.0,0.3,0.7
C268,0.4,0.0,0.4,0.6
C269,0.4,0.0,0.5,0.5
C270,0.4,0.0,0.6,0.4
C271,0.4,0.0,0.7,0.3
C272,0.4,0.0,0.8,0.2
C273,0.4,0.0,0.9,0.1
C274,0.4,0.0,1.0,0.0
C275,0.4,0.1,0.0,0.9
C276,0.4,0.1,0.1,0.8
C277,0.4,0.1,0.2,0.7
C278,0.4,0.1,0.3,0.6
C279,0.4,0.1,0.4,0.5
C280,0.4,0.1,0.5,0.4
C281,0.4,0.1,0.6,0.3
C282,0.4,0.1,0.7,0.2
C283,0.4,0.1,0.8,0.1
C284,0.4,0.1,0.9,0.0
C285,0.4,0.2,0.0,0.8
C286,0.4,0.2,0.1,0.7
C287,0.4,0.2,0.2,0.6
C288,0.4,0.2,0.3,0.5
C289,0.4,0.2,0.4,0.4
C290,0.4,0.2,0.5,0.3
C291,0.4,0.2,0.6,0.2
C292,0.4,0.2,0.7,0.1
C293,0.4,0.2,0.8,0.0
C294,0.4,0.3,0.0,0.7
C295,0.4,0.3,0.1,0.6
C296,0.4,0.3,0.2,0.5
C297,0.4,0.3,0.3,0.4
C298,0.4,0.3,0.4,0.3
C299,0.4,0.3,0.5,0.2
C300,0.4,0.3,0.6,0.1
C301,0.4,0.3,0.7,0.0
C302,0.4,0.4,0.0,0.6
C303,0.4,0.4,0.1,0.5
C304,0.4,0.4,0.2,0.4
C305,0.4,0.4,0.3,0.3
C306,0.4,0.4,0.4,0.2
C307,0.4,0.4,0.5,0.1
C308,0.4,0.4,0.6,0.0
C309,0.4,0.5,0.0,0.5
C310,0.4,0.5,0.1,0.4
C311,0.4,0.5,0.2,0.3
C312,0.4,0.5,0.3,0.2
C313,0.4,0.5,0.4,0.1
C314,0.4,0.5,0.5,0.0
C315,0.4,0.6,0.0,0.4
C316,0.4,0.6,0.1,0.3
C317,0.4,0.6,0.2,0.2
C318,0.4,0.6,0.3,0.1
C319,0.4,0.6,0.4,0.0
C320,0.4,0.7,0.0,0.3
C321,0.4,0.7,0.1,0.2
C322,0.4,0.7,0.2,0.1
C323,0.4,0.7,0.3,0.0
C324,0.4,0.8,0.0,0.2
C325,0.4,0.8,0.1,0.1
C326,0.4,0.8,0.2,0.0
C327,0.4,0.9,0.0,0.1
C328,0.4,0.9,0.1,0.0
C329,0.4,1.0,0.0,0.0
C330,0.5,0.0,0.0,1.0
C331,0.5,0.0,0.1,0.9
C332,0.5,0.0,0.2,0.8
C333,0.5,0.0,0.3,0.7
C334,0.5,0.0,0.4,0.6
C335,0.5,0.0,0.5,0.5
C336,0.5,0.0,0.6,0.4
C337,0.5,0.0,0.7,0.3
C338,0.5,0.0,0.8,0.2
C339,0.5,0.0,0.9,0.1
C340,0.5,0.0,1.0,0.0
C341,0.5,0.1,0.0,0.9
C342,0.5,0.1,0.1,0.8
C343,0.5,0.1,0.2,0.7
C344,0.5,0.1,0.3,0.6
C345,0.5,0.1,0.4,0.5
C346,0.5,0.1,0.5,0.4
C347,0.5,0.1,0.6,0.3
C348,0.5,0.1,0.7,0.2
C349,0.5,0.1,0.8,0.1
C350,0.5,0.1,0.9,0.0
C351,0.5,0.2,0.0,0.8
C352,0.5,0.2,0.1,0.7
C353,0.5,0.2,0.2,0.6
C354,0.5,0.2,0.3,0.5
C355,0.5,0.2,0.4,0.4
C356,0.5,0.2,0.5,0.3
C357,0.5,0.2,0.6,0.2
C358,0.5,0.2,0.7,0.1
C359,0.5,0.2,0.8,0.0
C360,0.5,0.3,0.0,0.7
C361,0.5,0.3,0.1,0.6
C362,0.5,0.3,0.2,0.5
C363,0.5,0.3,0.3,0.4
C364,0.5,0.3,0.4,0.3
C365,0.5,0.3,0.5,0.2
C366,0.5,0.3,0.6,0.1
C367,0.5,0.3,0.7,0.0
C368,0.5,0.4,0.0,0.6
C369,0.5,0.4,0.1,0.5
C370,0.5,0.4,0.2,0.4
C371,0.5,0.4,0.3,0.3
C372,0.5,0.4,0.4,0.2
C373,0.5,0.4,0.5,0.1
C374,0.5,0.4,0.6,0.0
C375,0.5,0.5,0.0,0.5
C376,0.5,0.5,0.1,0.4
C377,0.5,0.5,0.2,0.3
C378,0.5,0.5,0.3,0.2
C379,0.5,0.5,0.4,0.1
C380,0.5,0.5,0.5,0.0
C381,0.5,0.6,0.0,0.4
C382,0.5,0.6,0.1,0.3
C383,0.5,0.6,0.2,0.2
C384,0.5,0.6,0.3,0.1
C385,0.5,0.6,0.4,0.0
C386,0.5,0.7,0.0,0.3
C387,0.5,0.7,0.1,0.2
C388,0.5,0.7,0.2,0.1
C389,0.5,0.7,0.3,0.0
C390,0.5,0.8,0.0,0.2
C391,0.5,0.8,0.1,0.1
C392,0.5,0.8,0.2,0.0
C393,0.5,0.9,0.0,0.1
C394,0.5,0.9,0.1,0.0
C395,0.5,1.0,0.0,0.0
C396,0.6,0.0,0.0,1.0
C397,0.6,0.0,0.1,0.9
C398,0.6,0.0,0.2,0.8
C399,0.6,0.0,0.3,0.7
C400,0.6,0.0,0.4,0.6
C401,0.6,0.0,0.5,0.5
C402,0.6,0.0,0.6,0.4
C403,0.6,0.0,0.7,0.3
C404,0.6,0.0,0.8,0.2
C405,0.6,0.0,0.9,0.1
C406,0.6,0.0,1.0,0.0
C407,0.6,0.1,0.0,0.9
C408,0.6,0.1,0.1,0.8
C409,0.6,0.1,0.2,0.7
C410,0.6,0.1,0.3,0.6
C411,0.6,0.1,0.4,0.5
C412,0.6,0.1,0.5,0.4
C413,0.6,0.1,0.6,0.3
C414,0.6,0.1,0.7,0.2
C415,0.6,0.1,0.8,0.1
C416,0.6,0.1,0.9,0.0
C417,0.6,0.2,0.0,0.8
C418,0.6,0.2,0.1,0.7
C419,0.6,0.2,0.2,0.6
C420,0.6,0.2,0.3,0.5
C421,0.6,0.2,0.4,0.4
C422,0.6,0.2,0.5,0.3
C423,0.6,0.2,0.6,0.2
C424,0.6,0.2,0.7,0.1
C425,0.6,0.2,0.8,0.0
C426,0.6,0.3,0.0,0.7
C427,0.6,0.3,0.1,0.6
C428,0.6,0.3,0.2,0.5
C429,0.6,0.3,0.3,0.4
C430,0.6,0.3,0.4,0.3
C431,0.6,0.3,0.5,0.2
C432,0.6,0.3,0.6,0.1
C433,0.6,0.3,0.7,0.0
C434,0.6,0.4,0.0,0.6
C435,0.6,0.4,0.1,0.5
C436,0.6,0.4,0.2,0.4
C437,0.6,0.4,0.3,0.3
C438,0.6,0.4,0.4,0.2
C439,0.6,0.4,0.5,0.1
C440,0.6,0.4,0.6,0.0
C441,0.6,0.5,0.0,0.5
C442,0.6,0.5,0.1,0.4
C443,0.6,0.5,0.2,0.3
C444,0.6,0.5,0.3,0.2
C445,0.6,0.5,0.4,0.1
C446,0.6,0.5,0.5,0.0
C447,0.6,0.6,0.0,0.4
C448,0.6,0.6,0.1,0.3
C449,0.6,0.6,0.2,0.2
C450,0.6,0.6,0.3,0.1
C451,0.6,0.6,0.4,0.0
C452,0.6,0.7,0.0,0.3
C453,0.6,0.7,0.1,0.2
C454,0.6,0.7,0.2,0.1
C455,0.6,0.7,0.3,0.0
C456,0.6,0.8,0.0,0.2
C457,0.6,0.8,0.1,0.1
C458,0.6,0.8,0.2,0.0
C459,0.6,0.9,0.0,0.1
C460,0.6,0.9,0.1,0.0
C461,0.6,1.0,0.0,0.0
C462,0.7,0.0,0.0,1.0
C463,0.7,0.0,0.1,0.9
C464,0.7,0.0,0.2,0.8
C465,0.7,0.0,0.3,0.7
C466,0.7,0.0,0.4,0.6
C467,0.7,0.0,0.5,0.5
C468,0.7,0.0,0.6,0.4
C469,0.7,0.0,0.7,0.3
C470,0.7,0.0,0.8,0.2
C471,0.7,0.0,0.9,0.1
C472,0.7,0.0,1.0,0.0
C473,0.7,0.1,0.0,0.9
C474,0.7,0.1,0.1,0.8
C475,0.7,0.1,0.2,0.7
C476,0.7,0.1,0.3,0.6
C477,0.7,0.1,0.4,0.5
C478,0.7,0.1,0.5,0.4
C479,0.7,0.1,0.6,0.3
C480,0.7,0.1,0.7,0.2
C481,0.7,0.1,0.8,0.1
C482,0.7,0.1,0.9,0.0
C483,0.7,0.2,0.0,0.8
C484,0.7,0.2,0.1,0.7
C485,0.7,0.2,0.2,0.6
C486,0.7,0.2,0.3,0.5
C487,0.7,0.2,0.4,0.4
C488,0.7,0.2,0.5,0.3
C489,0.7,0.2,0.6,0.2
C490,0.7,0.2,0.7,0.1
C491,0.7,0.2,0.8,0.0
C492,0.7,0.3,0.0,0.7
C493,0.7,0.3,0.1,0.6
C494,0.7,0.3,0.2,0.5
C495,0.7,0.3,0.3,0.4
C496,0.7,0.3,0.4,0.3
C497,0.7,0.3,0.5,0.2
C498,0.7,0.3,0.6,0.1
C499,0.7,0.3,0.7,0.0
C500,0.7,0.4,0.0,0.6
C501,0.7,0.4,0.1,0.5
C502,0.7,0.4,0.2,0.4
C503,0.7,0.4,0.3,0.3
C504,0.7,0.4,0.4,0.2
C505,0.7,0.4,0.5,0.1
C506,0.7,0.4,0.6,0.0
C507,0.7,0.5,0.0,0.5
C508,0.7,0.5,0.1,0.4
C509,0.7,0.5,0.2,0.3
C510,0.7,0.5,0.3,0.2
C511,0.7,0.5,0.4,0.1
C512,0.7,0.5,0.5,0.0
C513,0.7,0.6,0.0,0.4
C514,0.7,0.6,0.1,0.3
C515,0.7,0.6,0.2,0.2
C516,0.7,0.6,0.3,0.1
C517,0.7,0.6,0.4,0.0
C518,0.7,0.7,0.0,0.3
C519,0.7,0.7,0.1,0.2
C520,0.7,0.7,0.2,0.1
C521,0.7,0.7,0.3,0.0
C522,0.7,0.8,0.0,0.2
C523,0.7,0.8,0.1,0.1
C524,0.7,0.8,0.2,0.0
C525,0.7,0.9,0.0,0.1
C526,0.7,0.9,0.1,0.0
C527,0.7,1.0,0.0,0.0
C528,0.8,0.0,0.0,1.0
C529,0.8,0.0,0.1,0.9
C530,0.8,0.0,0.2,0.8
C531,0.8,0.0,0.3,0.7
C532,0.8,0.0,0.4,0.6
C533,0.8,0.0,0.5,0.5
C534,0.8,0.0,0.6,0.4
C535,0.8,0.0,0.7,0.3
C536,0.8,0.0,0.8,0.2
C537,0.8,0.0,0.9,0.1
C538,0.8,0.0,1.0,0.0
C539,0.8,0.1,0.0,0.9
C540,0.8,0.1,0.1,0.8
C541,0.8,0.1,0.2,0.7
C542,0.8,0.1,0.3,0.6
C543,0.8,0.1,0.4,0.5
C544,0.8,0.1,0.5,0.4
C545,0.8,0.1,0.6,0.3
C546,0.8,0.1,0.7,0.2
C547,0.8,0.1,0.8,0.1
C548,0.8,0.1,0.9,0.0
C549,0.8,0.2,0.0,0.8
C550,0.8,0.2,0.1,0.7
C551,0.8,0.2,0.2,0.6
C552,0.8,0.2,0.3,0.5
C553,0.8,0.2,0.4,0.4
C554,0.8,0.2,0.5,0.3
C555,0.8,0.2,0.6,0.2
C556,0.8,0.2,0.7,0.1
C557,0.8,0.2,0.8,0.0
C558,0.8,0.3,0.0,0.7
C559,0.8,0.3,0.1,0.6
C560,0.8,0.3,0.2,0.5
C561,0.8,0.3,0.3,0.4
C562,0.8,0.3,0.4,0.3
C563,0.8,0.3,0.5,0.2
C564,0.8,0.3,0.6,0.1
C565,0.8,0.3,0.7,0.0
C566,0.8,0.4,0.0,0.6
C567,0.8,0.4,0.1,0.5
C568,0.8,0.4,0.2,0.4
C569,0.8,0.4,0.3,0.3
C570,0.8,0.4,0.4,0.2
C571,0.8,0.4,0.5,0.1
C572,0.8,0.4,0.6,0.0
C573,0.8,0.5,0.0,0.5
C574,0.8,0.5,0.1,0.4
C575,0.8,0.5,0.2,0.3
C576,0.8,0.5,0.3,0.2
C577,0.8,0.5,0.4,0.1
C578,0.8,0.5,0.5,0.0
C579,0.8,0.6,0.0,0.4
C580,0.8,0.6,0.1,0.3
C581,0.8,0.6,0.2,0.2
C582,0.8,0.6,0.3,0.1
C583,0.8,0.6,0.4,0.0
C584,0.8,0.7,0.0,0.3
C585,0.8,0.7,0.1,0.2
C586,0.8,0.7,0.2,0.1
C587,0.8,0.7,0.3,0.0
C588,0.8,0.8,0.0,0.2
C589,0.8,0.8,0.1,0.1
C590,0.8,0.8,0.2,0.0
C591,0.8,0.9,0.0,0.1
C592,0.8,0.9,0.1,0.0
C593,0.8,1.0,0.0,0.0
C594,0.9,0.0,0.0,1.0
C595,0.9,0.0,0.1,0.9
C596,0.9,0.0,0.2,0.8
C597,0.9,0.0,0.3,0.7
C598,0.9,0.0,0.4,0.6
C599,0.9,0.0,0.5,0.5
C600,0.9,0.0,0.6,0.4
C601,0.9,0.0,0.7,0.3
C602,0.9,0.0,0.8,0.2
C603,0.9,0.0,0.9,0.1
C604,0.9,0.0,1.0,0.0
C605,0.9,0.1,0.0,0.9
C606,0.9,0.1,0.1,0.8
C607,0.9,0.1,0.2,0.7
C608,0.9,0.1,0.3,0.6
C609,0.9,0.1,0.4,0.5
C610,0.9,0.1,0.5,0.4
C611,0.9,0.1,0.6,0.3
C612,0.9,0.1,0.7,0.2
C613,0.9,0.1,0.8,0.1
C614,0.9,0.1,0.9,0.0
C615,0.9,0.2,0.0,0.8
C616,0.9,0.2,0.1,0.7
C617,0.9,0.2,0.2,0.6
C618,0.9,0.2,0.3,0.5
C619,0.9,0.2,0.4,0.4
C620,0.9,0.2,0.5,0.3
C621,0.9,0.2,0.6,0.2
C622,0.9,0.2,0.7,0.1
C623,0.9,0.2,0.8,0.0
C624,0.9,0.3,0.0,0.7
C625,0.9,0.3,0.1,0.6
C626,0.9,0.3,0.2,0.5
C627,0.9,0.3,0.3,0.4
C628,0.9,0.3,0.4,0.3
C629,0.9,0.3,0.5,0.2
C630,0.9,0.3,0.6,0.1
C631,0.9,0.3,0.7,0.0
C632,0.9,0.4,0.0,0.6
C633,0.9,0.4,0.1,0.5
C634,0.9,0.4,0.2,0.4
C635,0.9,0.4,0.3,0.3
C636,0.9,0.4,0.4,0.2
C637,0.9,0.4,0.5,0.1
C638,0.9,0.4,0.6,0.0
C639,0.9,0.5,0.0,0.5
C640,0.9,0.5,0.1,0.4
C641,0.9,0.5,0.2,0.3
C642,0.9,0.5,0.3,0.2
C643,0.9,0.5,0.4,0.1
C644,0.9,0.5,0.5,0.0
C645,0.9,0.6,0.0,0.4
C646,0.9,0.6,0.1,0.3
C647,0.9,0.6,0.2,0.2
C648,0.9,0.6,0.3,0.1
C649,0.9,0.6,0.4,0.0
C650,0.9,0.7,0.0,0.3
C651,0.9,0.7,0.1,0.2
C652,0.9,0.7,0.2,0.1
C653,0.9,0.7,0.3,0.0
C654,0.9,0.8,0.0,0.2
C655,0.9,0.8,0.1,0.1
C656,0.9,0.8,0.2,0.0
C657,0.9,0.9,0.0,0.1
C658,0.9,0.9,0.1,0.0
C659,0.9,1.0,0.0,0.0
C660,1.0,0.0,0.0,1.0
C661,1.0,0.0,0.1,0.9
C662,1.0,0.0,0.2,0.8
C663,1.0,0.0,0.3,0.7
C664,1.0,0.0,0.4,0.6
C665,1.0,0.0,0.5,0.5
C666,1.0,0.0,0.6,0.4
C667,1.0,0.0,0.7,0.3
C668,1.0,0.0,0.8,0.2
C669,1.0,0.0,0.9,0.1
C670,1.0,0.0,1.0,0.0
C671,1.0,0.1,0.0,0.9
C672,1.0,0.1,0.1,0.8
C673,1.0,0.1,0.2,0.7
C674,1.0,0.1,0.3,0.6
C675,1.0,0.1,0.4,0.5
C676,1.0,0.1,0.5,0.4
C677,1.0,0.1,0.6,0.3
C678,1.0,0.1,0.7,0.2
C679,1.0,0.1,0.8,0.1
C680,1.0,0.1,0.9,0.0
C681,1.0,0.2,0.0,0.8
C682,1.0,0.2,0.1,0.7
C683,1.0,0.2,0.2,0.6
C684,1.0,0.2,0.3,0.5
C685,1.0,0.2,0.4,0.4
C686,1.0,0.2,0.5,0.3
C687,1.0,0.2,0.6,0.2
C688,1.0,0.2,0.7,0.1
C689,1.0,0.2,0.8,0.0
C690,1.0,0.3,0.0,0.7
C691,1.0,0.3,0.1,0.6
C692,1.0,0.3,0.2,0.5
C693,1.0,0.3,0.3,0.4
C694,1.0,0.3,0.4,0.3
C695,1.0,0.3,0.5,0.2
C696,1.0,0.3,0.6,0.1
C697,1.0,0.3,0.7,0.0
C698,1.0,0.4,0.0,0.6
C699,1.0,0.4,0.1,0.5
C700,1.0,0.4,0.2,0.4
C701,1.0,0.4,0.3,0.3
C702,1.0,0.4,0.4,0.2
C703,1.0,0.4,0.5,0.1
C704,1.0,0.4,0.6,0.0
C705,1.0,0.5,0.0,0.5
C706,1.0,0.5,0.1,0.4
C707,1.0,0.5,0.2,0.3
C708,1.0,0.5,0.3,0.2
C709,1.0,0.5,0.4,0.1
C710,1.0,0.5,0.5,0.0
C711,1.0,0.6,0.0,0.4
C712,1.0,0.6,0.1,0.3
C713,1.0,0.6,0.2,0.2
C714,1.0,0.6,0.3,0.1
C715,1.0,0.6,0.4,0.0
C716,1.0,0.7,0.0,0.3
C717,1.0,0.7,0.1,0.2
C718,1.0,0.7,0.2,0.1
C719,1.0,0.7,0.3,0.0
C720,1.0,0.8,0.0,0.2
C721,1.0,0.8,0.1,0.1
C722,1.0,0.8,0.2,0.0
C723,1.0,0.9,0.0,0.1
C724,1.0,0.9,0.1,0.0
C725,1.0,1.0,0.0,0.0
