equivalence_class_id,representative_config_id,alpha,k,m,n,number_of_equivalent_configurations,mean_cdc,member_config_ids
R001,C000,0.0,0.0,0.0,1.0,21,0.8762318541809433,C000;C001;C002;C003;C004;C005;C006;C007;C008;C009;C010;C076;C142;C208;C274;C340;C406;C472;C538;C604;C670
R002,C011,0.0,0.1,0.0,0.9,21,0.894288468518135,C011;C012;C013;C014;C015;C016;C017;C018;C019;C020;C086;C152;C218;C284;C350;C416;C482;C548;C614;C669;C680
R003,C021,0.0,0.2,0.0,0.8,21,0.9086527450648986,C021;C022;C023;C024;C025;C026;C027;C028;C029;C095;C161;C227;C293;C359;C425;C491;C557;C623;C668;C679;C689
R004,C030,0.0,0.3,0.0,0.7,21,0.9209221525129189,C030;C031;C032;C033;C034;C035;C036;C037;C103;C169;C235;C301;C367;C433;C499;C565;C631;C667;C678;C688;C697
R005,C038,0.0,0.4,0.0,0.6,21,0.9342662119212761,C038;C039;C040;C041;C042;C043;C044;C110;C176;C242;C308;C374;C440;C506;C572;C638;C666;C677;C687;C696;C704
R006,C045,0.0,0.5,0.0,0.5,21,0.9490393314336394,C045;C046;C047;C048;C049;C050;C116;C182;C248;C314;C380;C446;C512;C578;C644;C665;C676;C686;C695;C703;C710
R007,C051,0.0,0.6,0.0,0.4,21,0.9390951736905078,C051;C052;C053;C054;C055;C121;C187;C253;C319;C385;C451;C517;C583;C649;C664;C675;C685;C694;C702;C709;C715
R008,C056,0.0,0.7,0.0,0.3,21,0.9273775850462439,C056;C057;C058;C059;C125;C191;C257;C323;C389;C455;C521;C587;C653;C663;C674;C684;C693;C701;C708;C714;C719
R009,C060,0.0,0.8,0.0,0.2,21,0.9175937591048605,C060;C061;C062;C128;C194;C260;C326;C392;C458;C524;C590;C656;C662;C673;C683;C692;C700;C707;C713;C718;C722
R010,C063,0.0,0.9,0.0,0.1,21,0.9067941279301222,C063;C064;C130;C196;C262;C328;C394;C460;C526;C592;C658;C661;C672;C682;C691;C699;C706;C712;C717;C721;C724
R011,C065,0.0,1.0,0.0,0.0,21,0.8895801268716802,C065;C131;C197;C263;C329;C395;C461;C527;C593;C659;C660;C671;C681;C690;C698;C705;C711;C716;C720;C723;C725
R012,C066,0.1,0.0,0.0,1.0,1,0.8862429147077543,C066
R013,C067,0.1,0.0,0.1,0.9,1,0.8864723785599532,C067
R014,C068,0.1,0.0,0.2,0.8,1,0.8859562927631929,C068
R015,C069,0.1,0.0,0.3,0.7,1,0.8849425572715042,C069
R016,C070,0.1,0.0,0.4,0.6,1,0.8837529108164669,C070
R017,C071,0.1,0.0,0.5,0.5,1,0.8825462547042653,C071
R018,C072,0.1,0.0,0.6,0.4,1,0.8812316327376325,C072
R019,C073,0.1,0.0,0.7,0.3,1,0.8796759494972132,C073
R020,C074,0.1,0.0,0.8,0.2,1,0.8790724931001672,C074
R021,C075,0.1,0.0,0.9,0.1,1,0.8778657573019204,C075
R022,C077,0.1,0.1,0.0,0.9,1,0.8979529097783484,C077
R023,C078,0.1,0.1,0.1,0.8,1,0.8977906747222958,C078
R024,C079,0.1,0.1,0.2,0.7,1,0.8974805966287395,C079
R025,C080,0.1,0.1,0.3,0.6,1,0.8973426275393254,C080
R026,C081,0.1,0.1,0.4,0.5,1,0.8981942970009583,C081
R027,C082,0.1,0.1,0.5,0.4,1,0.8978912960522587,C082
R028,C083,0.1,0.1,0.6,0.3,1,0.8966909773539201,C083
R029,C084,0.1,0.1,0.7,0.2,1,0.8958883288417369,C084
R030,C085,0.1,0.1,0.8,0.1,1,0.8951436476956066,C085
R031,C087,0.1,0.2,0.0,0.8,1,0.9089143874911274,C087
R032,C088,0.1,0.2,0.1,0.7,1,0.9085400951180981,C088
R033,C089,0.1,0.2,0.2,0.6,1,0.908771786392284,C089
R034,C090,0.1,0.2,0.3,0.5,1,0.9090761566274342,C090
R035,C091,0.1,0.2,0.4,0.4,1,0.9096939096579204,C091
R036,C092,0.1,0.2,0.5,0.3,1,0.9093463715479958,C092
R037,C093,0.1,0.2,0.6,0.2,1,0.9094135597190044,C093
R038,C094,0.1,0.2,0.7,0.1,1,0.9089159748163215,C094
R039,C096,0.1,0.3,0.0,0.7,1,0.9184779277491478,C096
R040,C097,0.1,0.3,0.1,0.6,1,0.9188610426730172,C097
R041,C098,0.1,0.3,0.2,0.5,1,0.919574897932937,C098
R042,C099,0.1,0.3,0.3,0.4,1,0.9195900622069098,C099
R043,C100,0.1,0.3,0.4,0.3,1,0.9200538951705065,C100
R044,C101,0.1,0.3,0.5,0.2,1,0.920713633063635,C101
R045,C102,0.1,0.3,0.6,0.1,1,0.9211580154563471,C102
R046,C104,0.1,0.4,0.0,0.6,1,0.9285911400872912,C104
R047,C105,0.1,0.4,0.1,0.5,1,0.9296297683122338,C105
R048,C106,0.1,0.4,0.2,0.4,1,0.9311653457082114,C106
R049,C107,0.1,0.4,0.3,0.3,1,0.932656452647903,C107
R050,C108,0.1,0.4,0.4,0.2,1,0.9329683423928222,C108
R051,C109,0.1,0.4,0.5,0.1,1,0.9337188022647459,C109
R052,C111,0.1,0.5,0.0,0.5,1,0.9320469225456162,C111
R053,C112,0.1,0.5,0.1,0.4,1,0.9362297305563501,C112
R054,C113,0.1,0.5,0.2,0.3,1,0.9389846371894165,C113
R055,C114,0.1,0.5,0.3,0.2,1,0.943446600314858,C114
R056,C115,0.1,0.5,0.4,0.1,1,0.9460488037823054,C115
R057,C117,0.1,0.6,0.0,0.4,1,0.9272185925979258,C117
R058,C118,0.1,0.6,0.1,0.3,1,0.9295112370925922,C118
R059,C119,0.1,0.6,0.2,0.2,1,0.9322716073015441,C119
R060,C120,0.1,0.6,0.3,0.1,1,0.935912366221522,C120
R061,C122,0.1,0.7,0.0,0.3,1,0.9195103571357578,C122
R062,C123,0.1,0.7,0.1,0.2,1,0.9215873896926302,C123
R063,C124,0.1,0.7,0.2,0.1,1,0.9248546891364552,C124
R064,C126,0.1,0.8,0.0,0.2,1,0.9137820558017445,C126
R065,C127,0.1,0.8,0.1,0.1,1,0.9150194898965316,C127
R066,C129,0.1,0.9,0.0,0.1,1,0.9044487662410008,C129
R067,C132,0.2,0.0,0.0,1.0,1,0.8861241220342572,C132
R068,C133,0.2,0.0,0.1,0.9,1,0.8875377761772291,C133
R069,C134,0.2,0.0,0.2,0.8,1,0.8881208198495958,C134
R070,C135,0.2,0.0,0.3,0.7,1,0.8881228865707953,C135
R071,C136,0.2,0.0,0.4,0.6,1,0.8881585186328261,C136
R072,C137,0.2,0.0,0.5,0.5,1,0.8874696544731071,C137
R073,C138,0.2,0.0,0.6,0.4,1,0.8865331105084197,C138
R074,C139,0.2,0.0,0.7,0.3,1,0.8839024132637388,C139
R075,C140,0.2,0.0,0.8,0.2,1,0.8807834433761512,C140
R076,C141,0.2,0.0,0.9,0.1,1,0.8790512550175646,C141
R077,C143,0.2,0.1,0.0,0.9,1,0.8962626517228999,C143
R078,C144,0.2,0.1,0.1,0.8,1,0.8977701617934144,C144
R079,C145,0.2,0.1,0.2,0.7,1,0.8981717255588328,C145
R080,C146,0.2,0.1,0.3,0.6,1,0.8981366825677554,C146
R081,C147,0.2,0.1,0.4,0.5,1,0.8987999201798127,C147
R082,C148,0.2,0.1,0.5,0.4,1,0.8989637380050404,C148
R083,C149,0.2,0.1,0.6,0.3,1,0.8990922756797203,C149
R084,C150,0.2,0.1,0.7,0.2,1,0.8980570997517479,C150
R085,C151,0.2,0.1,0.8,0.1,1,0.8960238914720954,C151
R086,C153,0.2,0.2,0.0,0.8,1,0.9052832843651063,C153
R087,C154,0.2,0.2,0.1,0.7,1,0.9068998132535856,C154
R088,C155,0.2,0.2,0.2,0.6,1,0.9077846352316945,C155
R089,C156,0.2,0.2,0.3,0.5,1,0.9090100036048252,C156
R090,C157,0.2,0.2,0.4,0.4,1,0.9095113333525148,C157
R091,C158,0.2,0.2,0.5,0.3,1,0.9100694963776884,C158
R092,C159,0.2,0.2,0.6,0.2,1,0.910209434472287,C159
R093,C160,0.2,0.2,0.7,0.1,1,0.9096686287979622,C160
R094,C162,0.2,0.3,0.0,0.7,1,0.911664851458444,C162
R095,C163,0.2,0.3,0.1,0.6,1,0.9152449500361923,C163
R096,C164,0.2,0.3,0.2,0.5,1,0.9168313247060486,C164
R097,C165,0.2,0.3,0.3,0.4,1,0.9195390217751683,C165
R098,C166,0.2,0.3,0.4,0.3,1,0.9203651549667216,C166
R099,C167,0.2,0.3,0.5,0.2,1,0.9208364063300682,C167
R100,C168,0.2,0.3,0.6,0.1,1,0.9209657850855939,C168
R101,C170,0.2,0.4,0.0,0.6,1,0.9192764316135472,C170
R102,C171,0.2,0.4,0.1,0.5,1,0.9242309243007705,C171
R103,C172,0.2,0.4,0.2,0.4,1,0.9284135138785856,C172
R104,C173,0.2,0.4,0.3,0.3,1,0.930320543305077,C173
R105,C174,0.2,0.4,0.4,0.2,1,0.9325642211395659,C174
R106,C175,0.2,0.4,0.5,0.1,1,0.9341117635058828,C175
R107,C177,0.2,0.5,0.0,0.5,1,0.919672926818737,C177
R108,C178,0.2,0.5,0.1,0.4,1,0.9258823571664831,C178
R109,C179,0.2,0.5,0.2,0.3,1,0.9313649422428542,C179
R110,C180,0.2,0.5,0.3,0.2,1,0.9372997475208071,C180
R111,C181,0.2,0.5,0.4,0.1,1,0.9443731556980797,C181
R112,C183,0.2,0.6,0.0,0.4,1,0.9178352261446565,C183
R113,C184,0.2,0.6,0.1,0.3,1,0.9225237288901069,C184
R114,C185,0.2,0.6,0.2,0.2,1,0.9280510816390958,C185
R115,C186,0.2,0.6,0.3,0.1,1,0.9330117291062233,C186
R116,C188,0.2,0.7,0.0,0.3,1,0.9145570883100657,C188
R117,C189,0.2,0.7,0.1,0.2,1,0.9188426654214527,C189
R118,C190,0.2,0.7,0.2,0.1,1,0.9227927642698164,C190
R119,C192,0.2,0.8,0.0,0.2,1,0.9104180053247722,C192
R120,C193,0.2,0.8,0.1,0.1,1,0.9143126066244404,C193
R121,C195,0.2,0.9,0.0,0.1,1,0.9026070573720605,C195
R122,C198,0.3,0.0,0.0,1.0,1,0.8866534808993194,C198
R123,C199,0.3,0.0,0.1,0.9,1,0.8895394993884134,C199
R124,C200,0.3,0.0,0.2,0.8,1,0.8896531678627061,C200
R125,C201,0.3,0.0,0.3,0.7,1,0.89135860035506,C201
R126,C202,0.3,0.0,0.4,0.6,1,0.8894959854060878,C202
R127,C203,0.3,0.0,0.5,0.5,1,0.890243885664106,C203
R128,C204,0.3,0.0,0.6,0.4,1,0.8893238764356314,C204
R129,C205,0.3,0.0,0.7,0.3,1,0.8880399218810686,C205
R130,C206,0.3,0.0,0.8,0.2,1,0.8842528374179448,C206
R131,C207,0.3,0.0,0.9,0.1,1,0.8801342021122659,C207
R132,C209,0.3,0.1,0.0,0.9,1,0.8943077930590478,C209
R133,C210,0.3,0.1,0.1,0.8,1,0.8968047046474699,C210
R134,C211,0.3,0.1,0.2,0.7,1,0.8986221601735183,C211
R135,C212,0.3,0.1,0.3,0.6,1,0.900064342803936,C212
R136,C213,0.3,0.1,0.4,0.5,1,0.9004420181871325,C213
R137,C214,0.3,0.1,0.5,0.4,1,0.9000178095136094,C214
R138,C215,0.3,0.1,0.6,0.3,1,0.9005083648369161,C215
R139,C216,0.3,0.1,0.7,0.2,1,0.8995033236280815,C216
R140,C217,0.3,0.1,0.8,0.1,1,0.8974758432882046,C217
R141,C219,0.3,0.2,0.0,0.8,1,0.9014163841313075,C219
R142,C220,0.3,0.2,0.1,0.7,1,0.904592441363095,C220
R143,C221,0.3,0.2,0.2,0.6,1,0.9085751944772361,C221
R144,C222,0.3,0.2,0.3,0.5,1,0.909295914192324,C222
R145,C223,0.3,0.2,0.4,0.4,1,0.9103408013613405,C223
R146,C224,0.3,0.2,0.5,0.3,1,0.910553429202441,C224
R147,C225,0.3,0.2,0.6,0.2,1,0.9113863907817592,C225
R148,C226,0.3,0.2,0.7,0.1,1,0.909986196046931,C226
R149,C228,0.3,0.3,0.0,0.7,1,0.9056963759289883,C228
R150,C229,0.3,0.3,0.1,0.6,1,0.9105844508994305,C229
R151,C230,0.3,0.3,0.2,0.5,1,0.9147428774765509,C230
R152,C231,0.3,0.3,0.3,0.4,1,0.9173567114985289,C231
R153,C232,0.3,0.3,0.4,0.3,1,0.9204977240539971,C232
R154,C233,0.3,0.3,0.5,0.2,1,0.9211950619839648,C233
R155,C234,0.3,0.3,0.6,0.1,1,0.9213932129216699,C234
R156,C236,0.3,0.4,0.0,0.6,1,0.9117241196914659,C236
R157,C237,0.3,0.4,0.1,0.5,1,0.9171537588041113,C237
R158,C238,0.3,0.4,0.2,0.4,1,0.9223790494695164,C238
R159,C239,0.3,0.4,0.3,0.3,1,0.9304525295372051,C239
R160,C240,0.3,0.4,0.4,0.2,1,0.9323262958693324,C240
R161,C241,0.3,0.4,0.5,0.1,1,0.9335906621526301,C241
R162,C243,0.3,0.5,0.0,0.5,1,0.9137290392236683,C243
R163,C244,0.3,0.5,0.1,0.4,1,0.9195924491934012,C244
R164,C245,0.3,0.5,0.2,0.3,1,0.9253715431869257,C245
R165,C246,0.3,0.5,0.3,0.2,1,0.9325630938327075,C246
R166,C247,0.3,0.5,0.4,0.1,1,0.9419991397027223,C247
R167,C249,0.3,0.6,0.0,0.4,1,0.9130302800549478,C249
R168,C250,0.3,0.6,0.1,0.3,1,0.9177889993816372,C250
R169,C251,0.3,0.6,0.2,0.2,1,0.923686385314604,C251
R170,C252,0.3,0.6,0.3,0.1,1,0.9309976938293812,C252
R171,C254,0.3,0.7,0.0,0.3,1,0.91154169076915,C254
R172,C255,0.3,0.7,0.1,0.2,1,0.9158657277672068,C255
R173,C256,0.3,0.7,0.2,0.1,1,0.9206402232843849,C256
R174,C258,0.3,0.8,0.0,0.2,1,0.9074744505118746,C258
R175,C259,0.3,0.8,0.1,0.1,1,0.9131372142003703,C259
R176,C261,0.3,0.9,0.0,0.1,1,0.9007201153401173,C261
R177,C264,0.4,0.0,0.0,1.0,1,0.8870926356387318,C264
R178,C265,0.4,0.0,0.1,0.9,1,0.8886340815982349,C265
R179,C266,0.4,0.0,0.2,0.8,1,0.8924326855624627,C266
R180,C267,0.4,0.0,0.3,0.7,1,0.8933197438637019,C267
R181,C268,0.4,0.0,0.4,0.6,1,0.8947877788678146,C268
R182,C269,0.4,0.0,0.5,0.5,1,0.8944394661385927,C269
R183,C270,0.4,0.0,0.6,0.4,1,0.8922775944532656,C270
R184,C271,0.4,0.0,0.7,0.3,1,0.8902677220036754,C271
R185,C272,0.4,0.0,0.8,0.2,1,0.8870212600417264,C272
R186,C273,0.4,0.0,0.9,0.1,1,0.8813697984265942,C273
R187,C275,0.4,0.1,0.0,0.9,1,0.8934934458365488,C275
R188,C276,0.4,0.1,0.1,0.8,1,0.8965948834244659,C276
R189,C277,0.4,0.1,0.2,0.7,1,0.8997163865970472,C277
R190,C278,0.4,0.1,0.3,0.6,1,0.9011978088787199,C278
R191,C279,0.4,0.1,0.4,0.5,1,0.9018895311991769,C279
R192,C280,0.4,0.1,0.5,0.4,1,0.9029353069887273,C280
R193,C281,0.4,0.1,0.6,0.3,1,0.9018519282674015,C281
R194,C282,0.4,0.1,0.7,0.2,1,0.9006956688866159,C282
R195,C283,0.4,0.1,0.8,0.1,1,0.8983881206246102,C283
R196,C285,0.4,0.2,0.0,0.8,1,0.8982010196240374,C285
R197,C286,0.4,0.2,0.1,0.7,1,0.9029628431996969,C286
R198,C287,0.4,0.2,0.2,0.6,1,0.9067030378228668,C287
R199,C288,0.4,0.2,0.3,0.5,1,0.9106839141729692,C288
R200,C289,0.4,0.2,0.4,0.4,1,0.9129180752275861,C289
R201,C290,0.4,0.2,0.5,0.3,1,0.91242093557875,C290
R202,C291,0.4,0.2,0.6,0.2,1,0.9121322240897607,C291
R203,C292,0.4,0.2,0.7,0.1,1,0.9108913263470637,C292
R204,C294,0.4,0.3,0.0,0.7,1,0.9021725083203432,C294
R205,C295,0.4,0.3,0.1,0.6,1,0.9056019175775847,C295
R206,C296,0.4,0.3,0.2,0.5,1,0.9130177765081503,C296
R207,C297,0.4,0.3,0.3,0.4,1,0.9177207456615744,C297
R208,C298,0.4,0.3,0.4,0.3,1,0.9199301293836181,C298
R209,C299,0.4,0.3,0.5,0.2,1,0.9218047419269338,C299
R210,C300,0.4,0.3,0.6,0.1,1,0.9220659315828659,C300
R211,C302,0.4,0.4,0.0,0.6,1,0.9061944646777035,C302
R212,C303,0.4,0.4,0.1,0.5,1,0.9118014315440056,C303
R213,C304,0.4,0.4,0.2,0.4,1,0.9199013207786899,C304
R214,C305,0.4,0.4,0.3,0.3,1,0.9273130574688325,C305
R215,C306,0.4,0.4,0.4,0.2,1,0.9332699344349425,C306
R216,C307,0.4,0.4,0.5,0.1,1,0.9341496370151942,C307
R217,C309,0.4,0.5,0.0,0.5,1,0.9085399578175963,C309
R218,C310,0.4,0.5,0.1,0.4,1,0.9143689571070092,C310
R219,C311,0.4,0.5,0.2,0.3,1,0.9212238080145714,C311
R220,C312,0.4,0.5,0.3,0.2,1,0.9297018062188518,C312
R221,C313,0.4,0.5,0.4,0.1,1,0.9395291365493249,C313
R222,C315,0.4,0.6,0.0,0.4,1,0.90824604708348,C315
R223,C316,0.4,0.6,0.1,0.3,1,0.9149574106098984,C316
R224,C317,0.4,0.6,0.2,0.2,1,0.9216565218639372,C317
R225,C318,0.4,0.6,0.3,0.1,1,0.9295846086425533,C318
R226,C320,0.4,0.7,0.0,0.3,1,0.9077867325687874,C320
R227,C321,0.4,0.7,0.1,0.2,1,0.9143250218776434,C321
R228,C322,0.4,0.7,0.2,0.1,1,0.9206609182996326,C322
R229,C324,0.4,0.8,0.0,0.2,1,0.9052021465278134,C324
R230,C325,0.4,0.8,0.1,0.1,1,0.9120904371025345,C325
R231,C327,0.4,0.9,0.0,0.1,1,0.8986883877873232,C327
R232,C330,0.5,0.0,0.0,1.0,1,0.8892559980152419,C330
R233,C331,0.5,0.0,0.1,0.9,1,0.8912561604473335,C331
R234,C332,0.5,0.0,0.2,0.8,1,0.8933693126725801,C332
R235,C333,0.5,0.0,0.3,0.7,1,0.896898335753607,C333
R236,C334,0.5,0.0,0.4,0.6,1,0.8976698357609761,C334
R237,C335,0.5,0.0,0.5,0.5,1,0.8975015653916842,C335
R238,C336,0.5,0.0,0.6,0.4,1,0.8972905162619846,C336
R239,C337,0.5,0.0,0.7,0.3,1,0.8944900290055343,C337
R240,C338,0.5,0.0,0.8,0.2,1,0.889471747941087,C338
R241,C339,0.5,0.0,0.9,0.1,1,0.8827644118872232,C339
R242,C341,0.5,0.1,0.0,0.9,1,0.8934051072716994,C341
R243,C342,0.5,0.1,0.1,0.8,1,0.8986257760128266,C342
R244,C343,0.5,0.1,0.2,0.7,1,0.9006433879412965,C343
R245,C344,0.5,0.1,0.3,0.6,1,0.9054776923752466,C344
R246,C345,0.5,0.1,0.4,0.5,1,0.9066025938937802,C345
R247,C346,0.5,0.1,0.5,0.4,1,0.905003416706597,C346
R248,C347,0.5,0.1,0.6,0.3,1,0.9051222969900815,C347
R249,C348,0.5,0.1,0.7,0.2,1,0.9021961425095114,C348
R250,C349,0.5,0.1,0.8,0.1,1,0.8990187519965847,C349
R251,C351,0.5,0.2,0.0,0.8,1,0.8963027310893352,C351
R252,C352,0.5,0.2,0.1,0.7,1,0.9006590807079567,C352
R253,C353,0.5,0.2,0.2,0.6,1,0.9075582196808792,C353
R254,C354,0.5,0.2,0.3,0.5,1,0.9119659614000131,C354
R255,C355,0.5,0.2,0.4,0.4,1,0.914613254409334,C355
R256,C356,0.5,0.2,0.5,0.3,1,0.9154136005112904,C356
R257,C357,0.5,0.2,0.6,0.2,1,0.9136580797900284,C357
R258,C358,0.5,0.2,0.7,0.1,1,0.9126285220626789,C358
R259,C360,0.5,0.3,0.0,0.7,1,0.9000975165355952,C360
R260,C361,0.5,0.3,0.1,0.6,1,0.9053558057553008,C361
R261,C362,0.5,0.3,0.2,0.5,1,0.9114322957290801,C362
R262,C363,0.5,0.3,0.3,0.4,1,0.9179356911399503,C363
R263,C364,0.5,0.3,0.4,0.3,1,0.9221854383379404,C364
R264,C365,0.5,0.3,0.5,0.2,1,0.9232845487123769,C365
R265,C366,0.5,0.3,0.6,0.1,1,0.9235774240718854,C366
R266,C368,0.5,0.4,0.0,0.6,1,0.9024447413583396,C368
R267,C369,0.5,0.4,0.1,0.5,1,0.9092117855713641,C369
R268,C370,0.5,0.4,0.2,0.4,1,0.9165168381391903,C370
R269,C371,0.5,0.4,0.3,0.3,1,0.9245445182417408,C371
R270,C372,0.5,0.4,0.4,0.2,1,0.9337796350888571,C372
R271,C373,0.5,0.4,0.5,0.1,1,0.9353105082189842,C373
R272,C375,0.5,0.5,0.0,0.5,1,0.9044471655214602,C375
R273,C376,0.5,0.5,0.1,0.4,1,0.9113147141010854,C376
R274,C377,0.5,0.5,0.2,0.3,1,0.918982312902819,C377
R275,C378,0.5,0.5,0.3,0.2,1,0.9281412519556483,C378
R276,C379,0.5,0.5,0.4,0.1,1,0.9389174969553103,C379
R277,C381,0.5,0.6,0.0,0.4,1,0.9057759006636843,C381
R278,C382,0.5,0.6,0.1,0.3,1,0.9124511137684896,C382
R279,C383,0.5,0.6,0.2,0.2,1,0.9196141452815175,C383
R280,C384,0.5,0.6,0.3,0.1,1,0.928777040883428,C384
R281,C386,0.5,0.7,0.0,0.3,1,0.9047077562723246,C386
R282,C387,0.5,0.7,0.1,0.2,1,0.9127255719521082,C387
R283,C388,0.5,0.7,0.2,0.1,1,0.919869128572633,C388
R284,C390,0.5,0.8,0.0,0.2,1,0.9021604100118095,C390
R285,C391,0.5,0.8,0.1,0.1,1,0.9110762890195926,C391
R286,C393,0.5,0.9,0.0,0.1,1,0.8978020082157755,C393
R287,C396,0.6,0.0,0.0,1.0,1,0.8892909748335449,C396
R288,C397,0.6,0.0,0.1,0.9,1,0.8940157731953989,C397
R289,C398,0.6,0.0,0.2,0.8,1,0.8981128744436929,C398
R290,C399,0.6,0.0,0.3,0.7,1,0.9023418827795867,C399
R291,C400,0.6,0.0,0.4,0.6,1,0.9026659965226908,C400
R292,C401,0.6,0.0,0.5,0.5,1,0.9020262127166402,C401
R293,C402,0.6,0.0,0.6,0.4,1,0.9000906556270081,C402
R294,C403,0.6,0.0,0.7,0.3,1,0.8986245773613136,C403
R295,C404,0.6,0.0,0.8,0.2,1,0.8921132898783335,C404
R296,C405,0.6,0.0,0.9,0.1,1,0.885149099843117,C405
R297,C407,0.6,0.1,0.0,0.9,1,0.89266763287804,C407
R298,C408,0.6,0.1,0.1,0.8,1,0.8971795882721659,C408
R299,C409,0.6,0.1,0.2,0.7,1,0.9032205821434557,C409
R300,C410,0.6,0.1,0.3,0.6,1,0.9075272140307937,C410
R301,C411,0.6,0.1,0.4,0.5,1,0.9100631765416062,C411
R302,C412,0.6,0.1,0.5,0.4,1,0.9105125987850201,C412
R303,C413,0.6,0.1,0.6,0.3,1,0.9074470023657636,C413
R304,C414,0.6,0.1,0.7,0.2,1,0.9053132596685683,C414
R305,C415,0.6,0.1,0.8,0.1,1,0.9006921726087065,C415
R306,C417,0.6,0.2,0.0,0.8,1,0.8959937483111298,C417
R307,C418,0.6,0.2,0.1,0.7,1,0.9012913946486139,C418
R308,C419,0.6,0.2,0.2,0.6,1,0.905610573666803,C419
R309,C420,0.6,0.2,0.3,0.5,1,0.9135758659906582,C420
R310,C421,0.6,0.2,0.4,0.4,1,0.9171488023148903,C421
R311,C422,0.6,0.2,0.5,0.3,1,0.9185438213531002,C422
R312,C423,0.6,0.2,0.6,0.2,1,0.9168079103315805,C423
R313,C424,0.6,0.2,0.7,0.1,1,0.9137661017773939,C424
R314,C426,0.6,0.3,0.0,0.7,1,0.8984219240829867,C426
R315,C427,0.6,0.3,0.1,0.6,1,0.9044397090347143,C427
R316,C428,0.6,0.3,0.2,0.5,1,0.9116332523617068,C428
R317,C429,0.6,0.3,0.3,0.4,1,0.9192373641089202,C429
R318,C430,0.6,0.3,0.4,0.3,1,0.9252263555329278,C430
R319,C431,0.6,0.3,0.5,0.2,1,0.9253359884462599,C431
R320,C432,0.6,0.3,0.6,0.1,1,0.9240149584919727,C432
R321,C434,0.6,0.4,0.0,0.6,1,0.8996742104042161,C434
R322,C435,0.6,0.4,0.1,0.5,1,0.9075454159652616,C435
R323,C436,0.6,0.4,0.2,0.4,1,0.9141183714668812,C436
R324,C437,0.6,0.4,0.3,0.3,1,0.9241886006784451,C437
R325,C438,0.6,0.4,0.4,0.2,1,0.9343093062693154,C438
R326,C439,0.6,0.4,0.5,0.1,1,0.9377875645440866,C439
R327,C441,0.6,0.5,0.0,0.5,1,0.9021506606657682,C441
R328,C442,0.6,0.5,0.1,0.4,1,0.9090116457792621,C442
R329,C443,0.6,0.5,0.2,0.3,1,0.9173320876756216,C443
R330,C444,0.6,0.5,0.3,0.2,1,0.926126355361721,C444
R331,C445,0.6,0.5,0.4,0.1,1,0.9384443367599359,C445
R332,C447,0.6,0.6,0.0,0.4,1,0.9030665930964692,C447
R333,C448,0.6,0.6,0.1,0.3,1,0.9107912386482646,C448
R334,C449,0.6,0.6,0.2,0.2,1,0.9179558083198677,C449
R335,C450,0.6,0.6,0.3,0.1,1,0.9276409899939437,C450
R336,C452,0.6,0.7,0.0,0.3,1,0.9024139777719934,C452
R337,C453,0.6,0.7,0.1,0.2,1,0.9112414559677326,C453
R338,C454,0.6,0.7,0.2,0.1,1,0.9193305083436526,C454
R339,C456,0.6,0.8,0.0,0.2,1,0.9002860901030667,C456
R340,C457,0.6,0.8,0.1,0.1,1,0.90994604204149,C457
R341,C459,0.6,0.9,0.0,0.1,1,0.896041780523866,C459
R342,C462,0.7,0.0,0.0,1.0,1,0.89129709872411,C462
R343,C463,0.7,0.0,0.1,0.9,1,0.8973478292636171,C463
R344,C464,0.7,0.0,0.2,0.8,1,0.9012749177339943,C464
R345,C465,0.7,0.0,0.3,0.7,1,0.90756669831565,C465
R346,C466,0.7,0.0,0.4,0.6,1,0.9099539244203654,C466
R347,C467,0.7,0.0,0.5,0.5,1,0.9092533940078853,C467
R348,C468,0.7,0.0,0.6,0.4,1,0.9056212097712567,C468
R349,C469,0.7,0.0,0.7,0.3,1,0.90127286334066,C469
R350,C470,0.7,0.0,0.8,0.2,1,0.8957965890006016,C470
R351,C471,0.7,0.0,0.9,0.1,1,0.8870389191637129,C471
R352,C473,0.7,0.1,0.0,0.9,1,0.8934911878403212,C473
R353,C474,0.7,0.1,0.1,0.8,1,0.898853382442909,C474
R354,C475,0.7,0.1,0.2,0.7,1,0.9044042971623091,C475
R355,C476,0.7,0.1,0.3,0.6,1,0.9117587060668148,C476
R356,C477,0.7,0.1,0.4,0.5,1,0.9164071681202354,C477
R357,C478,0.7,0.1,0.5,0.4,1,0.9154270360734036,C478
R358,C479,0.7,0.1,0.6,0.3,1,0.9124634374088738,C479
R359,C480,0.7,0.1,0.7,0.2,1,0.9077461229357553,C480
R360,C481,0.7,0.1,0.8,0.1,1,0.9013524441621404,C481
R361,C483,0.7,0.2,0.0,0.8,1,0.8945497791839807,C483
R362,C484,0.7,0.2,0.1,0.7,1,0.9021523972294289,C484
R363,C485,0.7,0.2,0.2,0.6,1,0.9088149281993556,C485
R364,C486,0.7,0.2,0.3,0.5,1,0.9162840969540722,C486
R365,C487,0.7,0.2,0.4,0.4,1,0.9209256852039692,C487
R366,C488,0.7,0.2,0.5,0.3,1,0.9218499539170009,C488
R367,C489,0.7,0.2,0.6,0.2,1,0.9193209479882157,C489
R368,C490,0.7,0.2,0.7,0.1,1,0.914575815560215,C490
R369,C492,0.7,0.3,0.0,0.7,1,0.8967490230801071,C492
R370,C493,0.7,0.3,0.1,0.6,1,0.9050154976453983,C493
R371,C494,0.7,0.3,0.2,0.5,1,0.9115621103105227,C494
R372,C495,0.7,0.3,0.3,0.4,1,0.9205443614215558,C495
R373,C496,0.7,0.3,0.4,0.3,1,0.9287068010505792,C496
R374,C497,0.7,0.3,0.5,0.2,1,0.9279603325454424,C497
R375,C498,0.7,0.3,0.6,0.1,1,0.9254654967340715,C498
R376,C500,0.7,0.4,0.0,0.6,1,0.8986763663547844,C500
R377,C501,0.7,0.4,0.1,0.5,1,0.9054350698134789,C501
R378,C502,0.7,0.4,0.2,0.4,1,0.9139395937766076,C502
R379,C503,0.7,0.4,0.3,0.3,1,0.9224771849290688,C503
R380,C504,0.7,0.4,0.4,0.2,1,0.9335251451081669,C504
R381,C505,0.7,0.4,0.5,0.1,1,0.9393765021161475,C505
R382,C507,0.7,0.5,0.0,0.5,1,0.900481657970264,C507
R383,C508,0.7,0.5,0.1,0.4,1,0.9087769042549209,C508
R384,C509,0.7,0.5,0.2,0.3,1,0.9158448818021745,C509
R385,C510,0.7,0.5,0.3,0.2,1,0.9256929224216253,C510
R386,C511,0.7,0.5,0.4,0.1,1,0.9380847233551765,C511
R387,C513,0.7,0.6,0.0,0.4,1,0.9016313866000993,C513
R388,C514,0.7,0.6,0.1,0.3,1,0.9097789321340879,C514
R389,C515,0.7,0.6,0.2,0.2,1,0.9175305637409135,C515
R390,C516,0.7,0.6,0.3,0.1,1,0.9270548756632679,C516
R391,C518,0.7,0.7,0.0,0.3,1,0.8998790701402772,C518
R392,C519,0.7,0.7,0.1,0.2,1,0.9103521746528501,C519
R393,C520,0.7,0.7,0.2,0.1,1,0.9186161983647937,C520
R394,C522,0.7,0.8,0.0,0.2,1,0.8984447654516264,C522
R395,C523,0.7,0.8,0.1,0.1,1,0.909527242141776,C523
R396,C525,0.7,0.9,0.0,0.1,1,0.8943601149344428,C525
R397,C528,0.8,0.0,0.0,1.0,1,0.8929516549693197,C528
R398,C529,0.8,0.0,0.1,0.9,1,0.9013712731921998,C529
R399,C530,0.8,0.0,0.2,0.8,1,0.9069654770336312,C530
R400,C531,0.8,0.0,0.3,0.7,1,0.912505036493229,C531
R401,C532,0.8,0.0,0.4,0.6,1,0.9189272209142993,C532
R402,C533,0.8,0.0,0.5,0.5,1,0.9179909439428567,C533
R403,C534,0.8,0.0,0.6,0.4,1,0.9135205738957936,C534
R404,C535,0.8,0.0,0.7,0.3,1,0.9071927631066994,C535
R405,C536,0.8,0.0,0.8,0.2,1,0.8994075509565282,C536
R406,C537,0.8,0.0,0.9,0.1,1,0.8882032749046413,C537
R407,C539,0.8,0.1,0.0,0.9,1,0.8948600952374667,C539
R408,C540,0.8,0.1,0.1,0.8,1,0.9020694630708989,C540
R409,C541,0.8,0.1,0.2,0.7,1,0.9080624581586861,C541
R410,C542,0.8,0.1,0.3,0.6,1,0.9160960187635637,C542
R411,C543,0.8,0.1,0.4,0.5,1,0.9223930564764067,C543
R412,C544,0.8,0.1,0.5,0.4,1,0.9223543357260812,C544
R413,C545,0.8,0.1,0.6,0.3,1,0.9182795101451735,C545
R414,C546,0.8,0.1,0.7,0.2,1,0.9117206818745973,C546
R415,C547,0.8,0.1,0.8,0.1,1,0.9034838856552243,C547
R416,C549,0.8,0.2,0.0,0.8,1,0.8961997360913084,C549
R417,C550,0.8,0.2,0.1,0.7,1,0.9030723572303794,C550
R418,C551,0.8,0.2,0.2,0.6,1,0.9102080906394351,C551
R419,C552,0.8,0.2,0.3,0.5,1,0.9194696494316696,C552
R420,C553,0.8,0.2,0.4,0.4,1,0.9280354376854069,C553
R421,C554,0.8,0.2,0.5,0.3,1,0.9259399673969477,C554
R422,C555,0.8,0.2,0.6,0.2,1,0.9228688916271244,C555
R423,C556,0.8,0.2,0.7,0.1,1,0.9156715822758494,C556
R424,C558,0.8,0.3,0.0,0.7,1,0.8980839086388147,C558
R425,C559,0.8,0.3,0.1,0.6,1,0.905628650158719,C559
R426,C560,0.8,0.3,0.2,0.5,1,0.9124634705426279,C560
R427,C561,0.8,0.3,0.3,0.4,1,0.9211119654394767,C561
R428,C562,0.8,0.3,0.4,0.3,1,0.9322944216284783,C562
R429,C563,0.8,0.3,0.5,0.2,1,0.9341341355032489,C563
R430,C564,0.8,0.3,0.6,0.1,1,0.927083488532666,C564
R431,C566,0.8,0.4,0.0,0.6,1,0.8983861184643761,C566
R432,C567,0.8,0.4,0.1,0.5,1,0.907583435838446,C567
R433,C568,0.8,0.4,0.2,0.4,1,0.9149870070108443,C568
R434,C569,0.8,0.4,0.3,0.3,1,0.9239917363595026,C569
R435,C570,0.8,0.4,0.4,0.2,1,0.9347525649453523,C570
R436,C571,0.8,0.4,0.5,0.1,1,0.9418635638131037,C571
R437,C573,0.8,0.5,0.0,0.5,1,0.8991769651787013,C573
R438,C574,0.8,0.5,0.1,0.4,1,0.9089427049094934,C574
R439,C575,0.8,0.5,0.2,0.3,1,0.916699119238788,C575
R440,C576,0.8,0.5,0.3,0.2,1,0.9257787910800149,C576
R441,C577,0.8,0.5,0.4,0.1,1,0.936703854840917,C577
R442,C579,0.8,0.6,0.0,0.4,1,0.8982843476209436,C579
R443,C580,0.8,0.6,0.1,0.3,1,0.9089137704398177,C580
R444,C581,0.8,0.6,0.2,0.2,1,0.9174564357732108,C581
R445,C582,0.8,0.6,0.3,0.1,1,0.9271289027355437,C582
R446,C584,0.8,0.7,0.0,0.3,1,0.8983491343389909,C584
R447,C585,0.8,0.7,0.1,0.2,1,0.9089626758905647,C585
R448,C586,0.8,0.7,0.2,0.1,1,0.9184508498569205,C586
R449,C588,0.8,0.8,0.0,0.2,1,0.8963655688472475,C588
R450,C589,0.8,0.8,0.1,0.1,1,0.908528872624786,C589
R451,C591,0.8,0.9,0.0,0.1,1,0.8931363574899386,C591
R452,C594,0.9,0.0,0.0,1.0,1,0.896836709786494,C594
R453,C595,0.9,0.0,0.1,0.9,1,0.9062420997529702,C595
R454,C596,0.9,0.0,0.2,0.8,1,0.9122441591770423,C596
R455,C597,0.9,0.0,0.3,0.7,1,0.9196306339681043,C597
R456,C598,0.9,0.0,0.4,0.6,1,0.9296135516433655,C598
R457,C599,0.9,0.0,0.5,0.5,1,0.9277862753997205,C599
R458,C600,0.9,0.0,0.6,0.4,1,0.9220418809974321,C600
R459,C601,0.9,0.0,0.7,0.3,1,0.9127201246520842,C601
R460,C602,0.9,0.0,0.8,0.2,1,0.903173786169614,C602
R461,C603,0.9,0.0,0.9,0.1,1,0.8917710898248996,C603
R462,C605,0.9,0.1,0.0,0.9,1,0.8977804993815336,C605
R463,C606,0.9,0.1,0.1,0.8,1,0.9066674046826673,C606
R464,C607,0.9,0.1,0.2,0.7,1,0.913979044804181,C607
R465,C608,0.9,0.1,0.3,0.6,1,0.9217318519067753,C608
R466,C609,0.9,0.1,0.4,0.5,1,0.930766937387846,C609
R467,C610,0.9,0.1,0.5,0.4,1,0.9314804797927806,C610
R468,C611,0.9,0.1,0.6,0.3,1,0.9237594054994592,C611
R469,C612,0.9,0.1,0.7,0.2,1,0.9154708494962581,C612
R470,C613,0.9,0.1,0.8,0.1,1,0.9055537604748717,C613
R471,C615,0.9,0.2,0.0,0.8,1,0.898110250010592,C615
R472,C616,0.9,0.2,0.1,0.7,1,0.907984016618658,C616
R473,C617,0.9,0.2,0.2,0.6,1,0.9151637292345033,C617
R474,C618,0.9,0.2,0.3,0.5,1,0.9238545742932434,C618
R475,C619,0.9,0.2,0.4,0.4,1,0.9327824458928218,C619
R476,C620,0.9,0.2,0.5,0.3,1,0.936368284754309,C620
R477,C621,0.9,0.2,0.6,0.2,1,0.9259390388655092,C621
R478,C622,0.9,0.2,0.7,0.1,1,0.918059143884648,C622
R479,C624,0.9,0.3,0.0,0.7,1,0.8973337552975886,C624
R480,C625,0.9,0.3,0.1,0.6,1,0.9083896414659465,C625
R481,C626,0.9,0.3,0.2,0.5,1,0.9165847033519112,C626
R482,C627,0.9,0.3,0.3,0.4,1,0.92450910805948,C627
R483,C628,0.9,0.3,0.4,0.3,1,0.9354400374154109,C628
R484,C629,0.9,0.3,0.5,0.2,1,0.9403950404449842,C629
R485,C630,0.9,0.3,0.6,0.1,1,0.9296088175369693,C630
R486,C632,0.9,0.4,0.0,0.6,1,0.8971641353045547,C632
R487,C633,0.9,0.4,0.1,0.5,1,0.9088093067850284,C633
R488,C634,0.9,0.4,0.2,0.4,1,0.9166882408993172,C634
R489,C635,0.9,0.4,0.3,0.3,1,0.9263511973565071,C635
R490,C636,0.9,0.4,0.4,0.2,1,0.9367507533046106,C636
R491,C637,0.9,0.4,0.5,0.1,1,0.9453084438641831,C637
R492,C639,0.9,0.5,0.0,0.5,1,0.896742497763896,C639
R493,C640,0.9,0.5,0.1,0.4,1,0.9084515692214706,C640
R494,C641,0.9,0.5,0.2,0.3,1,0.9176948559458673,C641
R495,C642,0.9,0.5,0.3,0.2,1,0.9268879542707444,C642
R496,C643,0.9,0.5,0.4,0.1,1,0.9378536209573458,C643
R497,C645,0.9,0.6,0.0,0.4,1,0.8967396972952514,C645
R498,C646,0.9,0.6,0.1,0.3,1,0.9089570588387713,C646
R499,C647,0.9,0.6,0.2,0.2,1,0.918385968160744,C647
R500,C648,0.9,0.6,0.3,0.1,1,0.9275231114942506,C648
R501,C650,0.9,0.7,0.0,0.3,1,0.895083561275697,C650
R502,C651,0.9,0.7,0.1,0.2,1,0.9084667774777389,C651
R503,C652,0.9,0.7,0.2,0.1,1,0.9176902454202139,C652
R504,C654,0.9,0.8,0.0,0.2,1,0.8930168710979514,C654
R505,C655,0.9,0.8,0.1,0.1,1,0.9073099059351446,C655
R506,C657,0.9,0.9,0.0,0.1,1,0.8916465718740927,C657
