scope,item,mean,median,std,p10,p25,p75,p90,min,max,mean_tdc,n_higher,n_lower,n_equal
LOW,FCFS_CDC,1.0,1.0,0.0,1.0,1.0,1.0,1.0,1.0,1.0,1.0,,,
LOW,LINEAR_CDC,1.0,1.0,0.0,1.0,1.0,1.0,1.0,1.0,1.0,1.0,,,
LOW,AASHRAY_CDC,1.0,1.0,0.0,1.0,1.0,1.0,1.0,1.0,1.0,1.0,,,
LOW,AASHRAY_minus_FCFS_CDC,0.0,0.0,0.0,0.0,0.0,0.0,0.0,0.0,0.0,,0,0,300
LOW,AASHRAY_minus_LINEAR_CDC,0.0,0.0,0.0,0.0,0.0,0.0,0.0,0.0,0.0,,0,0,300
MODERATE,FCFS_CDC,0.970573441577595,1.0,0.09743887239201915,0.9180926572282079,0.9989428118101545,1.0,1.0,0.0,1.0,0.9753759379617963,,,
MODERATE,LINEAR_CDC,0.9984521793444054,1.0,0.015845751940121215,1.0,1.0,1.0,1.0,0.685823754789272,1.0,0.9753759379617963,,,
MODERATE,AASHRAY_CDC,0.9984521793444054,1.0,0.015845751940121215,1.0,1.0,1.0,1.0,0.685823754789272,1.0,0.9753759379617963,,,
MODERATE,AASHRAY_minus_FCFS_CDC,0.0278787377668105,0.0,0.09780262239719331,0.0,0.0,0.0,0.08027513294261056,-0.29032258064516125,1.0,,288,9,903
MODERATE,AASHRAY_minus_LINEAR_CDC,0.0,0.0,0.0,0.0,0.0,0.0,0.0,0.0,0.0,,0,0,1200
HIGH,FCFS_CDC,0.4757331264460353,0.45380317989538277,0.37620559915222757,0.0,0.06481815039460366,0.8480561508888814,1.0,0.0,1.0,0.49663859275603756,,,
HIGH,LINEAR_CDC,0.8993169193917547,1.0,0.19772793441404682,0.6279450261780104,0.890145986635074,1.0,1.0,0.0,1.0,0.49663859275603756,,,
HIGH,AASHRAY_CDC,0.8993169193917547,1.0,0.19772793441404682,0.6279450261780104,0.890145986635074,1.0,1.0,0.0,1.0,0.49663859275603756,,,
HIGH,AASHRAY_minus_FCFS_CDC,0.4235837929457194,0.4088879563730817,0.4192142020711947,0.0,0.0,0.8261067967609186,1.0,-1.0,1.0,,1119,88,293
HIGH,AASHRAY_minus_LINEAR_CDC,0.0,0.0,0.0,0.0,0.0,0.0,0.0,0.0,0.0,,0,0,1500
