rank,config_id,alpha,k,m,n,mean_cdc,median_cdc,p10_cdc,equivalence_class_id
1,C045,0.0,0.5,0.0,0.5,0.9490393314336394,1.0,0.8105509921442665,R006
2,C046,0.0,0.5,0.1,0.4,0.9490393314336394,1.0,0.8105509921442665,R006
3,C047,0.0,0.5,0.2,0.3,0.9490393314336394,1.0,0.8105509921442665,R006
4,C048,0.0,0.5,0.3,0.2,0.9490393314336394,1.0,0.8105509921442665,R006
5,C049,0.0,0.5,0.4,0.1,0.9490393314336394,1.0,0.8105509921442665,R006
6,C050,0.0,0.5,0.5,0.0,0.9490393314336394,1.0,0.8105509921442665,R006
7,C116,0.1,0.5,0.5,0.0,0.9490393314336394,1.0,0.8105509921442665,R006
8,C182,0.2,0.5,0.5,0.0,0.9490393314336394,1.0,0.8105509921442665,R006
9,C248,0.3,0.5,0.5,0.0,0.9490393314336394,1.0,0.8105509921442665,R006
10,C314,0.4,0.5,0.5,0.0,0.9490393314336394,1.0,0.8105509921442665,R006
