State,District,Name,child_0_6_pct_pctile,sc_pct_pctile,st_pct_pctile,illiterate_pct_pctile,literacy_gender_gap_pctile,female_wpr_pct_pctile,agri_dependence_pct_pctile,ag_labour_pct_pctile,marginal_worker_pct_pctile,seasonal_lt3m_pct_pctile,dependency_pct_pctile,hh_size_pctile
01,001,Kupwara,0.9953125,0.075,0.5921875,0.7671875,0.90625,0.025,0.2140625,0.48125,0.9140625,0.959375,0.9984375,0.9984375
01,002,Badgam,0.9921875,0.0609375,0.4546875,0.940625,0.7640625,0.1484375,0.228125,0.325,0.809375,0.8859375,0.9875,0.996875
01,003,Leh(Ladakh),0.0171875,0.096875,0.91875,0.334375,0.8484375,0.8109375,0.13125,0.0390625,0.4609375,0.2234375,0.01875,0.91875
01,004,Kargil,0.5484375,0.0515625,0.94375,0.5359375,0.9546875,0.2796875,0.0984375,0.146875,0.89375,0.971875,0.6859375,1.0
01,005,Punch,0.890625,0.0734375,0.828125,0.709375,0.9328125,0.29375,0.3359375,0.3796875,0.9796875,0.984375,0.8203125,0.73125
01,006,Rajouri,0.8265625,0.2515625,0.8234375,0.6578125,0.7671875,0.7,0.3625,0.165625,0.984375,0.9921875,0.3046875,0.5125
01,007,Kathua,0.484375,0.8359375,0.6,0.4609375,0.55,0.1140625,0.2484375,0.21875,0.6078125,0.7234375,0.878125,0.675
01,008,Baramula,0.775,0.0796875,0.478125,0.7625,0.8640625,0.0578125,0.209375,0.396875,0.80625,0.8734375,0.9640625,0.975
01,009,Bandipore,0.7140625,0.06875,0.7359375,0.9375,0.8328125,0.4421875,0.21875,0.421875,0.9453125,0.978125,0.6359375,0.9828125
01,010,Srinagar,0.3921875,0.0671875,0.3015625,0.6078125,0.3671875,0.0953125,0.034375,0.04375,0.30625,0.23125,0.8609375,0.9578125
01,011,Ganderbal,0.8390625,0.0578125,0.7390625,0.9171875,0.8625,0.3078125,0.1625,0.365625,0.928125,0.975,0.8171875,0.96875
01,012,Pulwama,0.871875,0.065625,0.490625,0.80625,0.8359375,0.26875,0.2375,0.34375,0.934375,0.9875,0.8296875,0.9625
01,013,Shupiyan,0.709375,0.05625,0.59375,0.86875,0.6328125,0.25625,0.5953125,0.240625,0.7953125,0.9,0.8578125,0.9
01,014,Anantnag,0.959375,0.0875,0.6359375,0.825,0.70625,0.5015625,0.3703125,0.38125,0.98125,0.9984375,0.7203125,0.99375
01,015,Kulgam,0.8234375,0.05,0.559375,0.8953125,0.7484375,0.4921875,0.4890625,0.35625,0.9671875,0.990625,0.6515625,0.8546875
01,016,Doda,0.8734375,0.3859375,0.6203125,0.7609375,0.9734375,0.4328125,0.346875,0.1578125,0.9328125,0.96875,0.678125,0.6671875
01,017,Ramban,0.9625,0.184375,0.6875,0.9546875,0.9890625,0.1234375,0.4015625,0.2015625,0.840625,0.8765625,0.95,0.64375
01,018,Kishtwar,0.8484375,0.2109375,0.7140625,0.9390625,0.9484375,0.3875,0.6078125,0.384375,0.9171875,0.965625,0.728125,0.6390625
01,019,Udhampur,0.675,0.8859375,0.6296875,0.646875,0.75625,0.578125,0.3125,0.0953125,0.7875,0.7625,0.3640625,0.8171875
01,020,Reasi,0.8875,0.35,0.7859375,0.915625,0.7890625,0.75,0.665625,0.05,0.8140625,0.8046875,0.2796875,0.7984375
01,021,Jammu,0.1859375,0.878125,0.5171875,0.159375,0.2375,0.0984375,0.0859375,0.1453125,0.321875,0.36875,0.840625,0.465625
01,022,Samba,0.3328125,0.9375,0.5390625,0.2171875,0.3828125,0.003125,0.1109375,0.1359375,0.3546875,0.4828125,0.9859375,0.4703125
02,023,Chamba,0.48125,0.7859375,0.7703125,0.5,0.7328125,0.984375,0.6890625,0.0640625,0.9890625,0.996875,0.015625,0.6015625
02,024,Kangra,0.18125,0.771875,0.54375,0.0953125,0.2140625,0.7015625,0.3328125,0.159375,0.9765625,0.9890625,0.33125,0.24375
02,025,Lahul & Spiti,0.0640625,0.2359375,0.9359375,0.34375,0.5984375,0.99375,0.4703125,0.0609375,0.3828125,0.75625,0.00625,0.390625
02,026,Kullu,0.2609375,0.93125,0.484375,0.265625,0.4796875,0.9921875,0.875,0.09375,0.584375,0.9328125,0.0046875,0.325
02,027,Mandi,0.228125,0.94375,0.365625,0.209375,0.4421875,0.9890625,0.7,0.0484375,0.9546875,0.9765625,0.0109375,0.29375
02,028,Hamirpur,0.1484375,0.859375,0.29375,0.0578125,0.225,0.98125,0.5515625,0.0734375,0.9359375,0.98125,0.0328125,0.1953125
02,029,Una,0.2484375,0.8140625,0.3828125,0.0828125,0.175,0.5171875,0.2828125,0.18125,0.790625,0.909375,0.4875,0.384375
02,030,Bilaspur,0.1921875,0.9046875,0.44375,0.121875,0.3125,0.9796875,0.53125,0.0359375,0.946875,0.9703125,0.028125,0.3953125
02,031,Solan,0.2890625,0.934375,0.5078125,0.1515625,0.2859375,0.8140625,0.3109375,0.0671875,0.55625,0.765625,0.0609375,0.3921875
02,032,Sirmaur,0.4421875,0.95625,0.4078125,0.2859375,0.359375,0.9046875,0.6640625,0.075,0.6578125,0.8984375,0.04375,0.765625
02,033,Shimla,0.0796875,0.915625,0.340625,0.153125,0.2703125,0.915625,0.534375,0.1234375,0.5796875,0.7125,0.0390625,0.225
02,034,Kinnaur,0.05625,0.5875,0.8875,0.25,0.4703125,0.996875,0.5171875,0.090625,0.2484375,0.68125,0.0015625,0.1375
03,035,Gurdaspur,0.1984375,0.890625,0.04375,0.253125,0.1421875,0.04375,0.153125,0.253125,0.259375,0.315625,0.859375,0.6890625
03,036,Kapurthala ,0.1375,0.98125,0.04375,0.275,0.109375,0.0890625,0.1640625,0.2828125,0.128125,0.1234375,0.7765625,0.4515625
03,037,Jalandhar,0.103125,0.99375,0.04375,0.1890625,0.08125,0.10625,0.0796875,0.175,0.084375,0.1484375,0.7609375,0.3984375
03,038,Hoshiarpur,0.140625,0.9859375,0.04375,0.1234375,0.10625,0.05,0.1546875,0.278125,0.2734375,0.4515625,0.921875,0.3734375
03,039,Shahid Bhagat Singh Nagar ,0.096875,0.9984375,0.04375,0.259375,0.215625,0.0515625,0.14375,0.2265625,0.1953125,0.2625,0.8375,0.3890625
03,040,Fatehgarh Sahib,0.13125,0.9671875,0.04375,0.2671875,0.1109375,0.053125,0.1359375,0.1953125,0.0703125,0.1921875,0.740625,0.6203125
03,041,Ludhiana,0.190625,0.909375,0.04375,0.19375,0.09375,0.13125,0.0765625,0.153125,0.0890625,0.115625,0.6921875,0.475
03,042,Moga,0.1640625,0.9875,0.04375,0.565625,0.090625,0.1328125,0.28125,0.4453125,0.1984375,0.3125,0.7234375,0.6703125
03,043,Firozpur,0.3453125,0.9953125,0.04375,0.6328125,0.3421875,0.2203125,0.3671875,0.5640625,0.2921875,0.671875,0.665625,0.721875
03,044,Muktsar,0.26875,0.996875,0.04375,0.734375,0.2796875,0.146875,0.428125,0.6171875,0.171875,0.3953125,0.6734375,0.6828125
03,045,Faridkot,0.23125,0.9921875,0.04375,0.603125,0.171875,0.0921875,0.2796875,0.475,0.1625,0.3171875,0.7328125,0.6421875
03,046,Bathinda,0.178125,0.9734375,0.04375,0.6515625,0.234375,0.25,0.290625,0.45625,0.271875,0.396875,0.5859375,0.609375
03,047,Mansa,0.196875,0.978125,0.04375,0.8328125,0.221875,0.4671875,0.4453125,0.528125,0.4859375,0.7046875,0.4140625,0.6640625
03,048,Patiala,0.2328125,0.871875,0.04375,0.4,0.1625,0.0875,0.1375,0.2546875,0.15,0.2796875,0.778125,0.625
03,049,Amritsar ,0.240625,0.9609375,0.04375,0.353125,0.096875,0.18125,0.115625,0.2515625,0.1671875,0.1796875,0.684375,0.6265625
03,050,Tarn Taran,0.35,0.9796875,0.04375,0.6734375,0.2078125,0.096875,0.321875,0.409375,0.2515625,0.30625,0.815625,0.790625
03,051,Rupnagar,0.1453125,0.9125,0.04375,0.1953125,0.1890625,0.1359375,0.121875,0.184375,0.25,0.321875,0.8078125,0.590625
03,052,Sahibzada Ajit Singh Nagar,0.2734375,0.79375,0.04375,0.1484375,0.1203125,0.1828125,0.071875,0.128125,0.0859375,0.15,0.7390625,0.4484375
03,053,Sangrur,0.1890625,0.9296875,0.04375,0.665625,0.184375,0.034375,0.23125,0.3078125,0.1203125,0.2109375,0.796875,0.6921875
03,054,Barnala,0.1828125,0.9703125,0.04375,0.671875,0.0921875,0.0484375,0.278125,0.3703125,0.0828125,0.2671875,0.765625,0.6609375
04,055,Chandigarh,0.2421875,0.659375,0.04375,0.0921875,0.1234375,0.1921875,0.015625,0.00625,0.009375,0.0078125,0.63125,0.2125
05,056,Uttarkashi,0.53125,0.86875,0.3375,0.3734375,0.94375,0.928125,0.8640625,0.0515625,0.3,0.4578125,0.1984375,0.4765625
05,057,Chamoli,0.4640625,0.721875,0.453125,0.18125,0.746875,0.909375,0.6625,0.0375,0.76875,0.8640625,0.271875,0.2203125
05,058,Rudraprayag,0.453125,0.7,0.2078125,0.2203125,0.871875,0.9546875,0.8453125,0.05625,0.640625,0.70625,0.246875,0.2765625
05,059,Tehri Garhwal,0.496875,0.5359375,0.1984375,0.35,0.928125,0.896875,0.68125,0.0578125,0.85,0.934375,0.303125,0.3546875
05,060,Dehradun,0.2953125,0.4109375,0.565625,0.13125,0.1765625,0.175,0.0828125,0.134375,0.2265625,0.28125,0.7984375,0.4828125
05,061,Garhwal,0.3390625,0.603125,0.240625,0.2,0.6828125,0.6890625,0.446875,0.103125,0.8328125,0.9421875,0.5765625,0.159375
05,062,Pithoragarh,0.4359375,0.8828125,0.4921875,0.1921875,0.7046875,0.865625,0.5828125,0.0421875,0.7140625,0.825,0.3265625,0.1421875
05,063,Bageshwar,0.4984375,0.9265625,0.303125,0.246875,0.865625,0.9578125,0.8421875,0.1484375,0.7796875,0.8203125,0.2046875,0.2625
05,064,Almora,0.4015625,0.8640625,0.215625,0.23125,0.853125,0.9453125,0.784375,0.06875,0.7078125,0.8828125,0.1859375,0.23125
05,065,Champawat,0.5640625,0.625,0.275,0.25625,0.875,0.5703125,0.5484375,0.084375,0.784375,0.86875,0.6296875,0.428125
05,066,Nainital,0.4203125,0.7125,0.3078125,0.14375,0.29375,0.434375,0.25,0.1859375,0.38125,0.6140625,0.590625,0.5484375
05,067,Udham Singh Nagar,0.5125,0.440625,0.5796875,0.4578125,0.496875,0.2640625,0.2859375,0.53125,0.4546875,0.5953125,0.734375,0.753125
05,068,Hardwar,0.665625,0.7953125,0.246875,0.446875,0.46875,0.0171875,0.1609375,0.3390625,0.1734375,0.203125,0.9515625,0.815625
06,069,Panchkula,0.290625,0.61875,0.04375,0.203125,0.1875,0.24375,0.078125,0.125,0.1484375,0.278125,0.653125,0.4171875
06,070,Ambala,0.24375,0.90625,0.04375,0.20625,0.2328125,0.0296875,0.1296875,0.2984375,0.165625,0.1828125,0.8546875,0.571875
06,071,Yamunanagar,0.321875,0.8921875,0.04375,0.3125,0.26875,0.0125,0.16875,0.359375,0.1328125,0.2390625,0.8953125,0.678125
06,072,Kurukshetra,0.33125,0.81875,0.04375,0.3515625,0.35625,0.1578125,0.2546875,0.4953125,0.196875,0.3671875,0.775,0.6515625
06,073,Kaithal,0.4140625,0.840625,0.04375,0.621875,0.5921875,0.2,0.39375,0.440625,0.409375,0.553125,0.7796875,0.725
06,074,Karnal,0.43125,0.8296875,0.04375,0.4140625,0.3921875,0.15,0.2671875,0.5015625,0.3625,0.3828125,0.803125,0.671875
06,075,Panipat,0.5359375,0.571875,0.04375,0.36875,0.4984375,0.15625,0.15,0.290625,0.2765625,0.371875,0.8046875,0.6453125
06,076,Sonipat,0.415625,0.6421875,0.04375,0.2734375,0.5328125,0.3015625,0.2578125,0.375,0.465625,0.521875,0.721875,0.7109375
06,077,Jind,0.3796875,0.775,0.04375,0.534375,0.6796875,0.415625,0.5265625,0.378125,0.5390625,0.6296875,0.59375,0.7515625
06,078,Fatehabad,0.396875,0.95,0.04375,0.66875,0.5265625,0.3859375,0.4953125,0.5171875,0.4171875,0.5671875,0.6,0.7046875
06,079,Sirsa,0.3359375,0.946875,0.04375,0.6390625,0.45,0.34375,0.490625,0.5515625,0.3671875,0.446875,0.6171875,0.71875
06,080,Hisar,0.35625,0.85,0.04375,0.4671875,0.6671875,0.4171875,0.4265625,0.4,0.440625,0.5484375,0.5828125,0.6984375
06,081,Bhiwani,0.4109375,0.75625,0.04375,0.403125,0.809375,0.4203125,0.5078125,0.3171875,0.6015625,0.6484375,0.634375,0.7171875
06,082,Rohtak,0.3375,0.7296875,0.04375,0.2390625,0.446875,0.1546875,0.19375,0.2140625,0.2390625,0.25,0.8734375,0.65
06,083,Jhajjar,0.371875,0.6015625,0.04375,0.2296875,0.58125,0.23125,0.2765625,0.2578125,0.478125,0.5109375,0.8140625,0.68125
06,084,Mahendragarh,0.3203125,0.5671875,0.04375,0.31875,0.9203125,0.4015625,0.365625,0.23125,0.7859375,0.896875,0.69375,0.759375
06,085,Rewari,0.3828125,0.725,0.04375,0.2234375,0.7984375,0.396875,0.2,0.1671875,0.5296875,0.7265625,0.659375,0.5953125
06,086,Gurgaon,0.46875,0.3875,0.04375,0.1171875,0.275,0.1984375,0.0609375,0.1015625,0.078125,0.16875,0.7265625,0.334375
06,087,Mewat ,0.9984375,0.2328125,0.04375,0.95625,0.9984375,0.09375,0.3609375,0.3625,0.6296875,0.6234375,0.9953125,0.9890625
06,088,Faridabad,0.515625,0.359375,0.04375,0.2078125,0.38125,0.078125,0.0453125,0.1046875,0.18125,0.1546875,0.8984375,0.5859375
06,089,Palwal ,0.8421875,0.6859375,0.04375,0.6140625,0.971875,0.125,0.2921875,0.3828125,0.634375,0.7,0.978125,0.9171875
07,090,North West,0.353125,0.6703125,0.04375,0.128125,0.2015625,0.028125,0.0234375,0.0265625,0.0078125,0.0140625,0.8796875,0.540625
07,091,North,0.275,0.646875,0.04375,0.078125,0.11875,0.01875,0.01875,0.0171875,0.00625,0.0125,0.8359375,0.51875
07,092,North East,0.4734375,0.5484375,0.04375,0.171875,0.246875,0.0015625,0.00625,0.0046875,0.0203125,0.0171875,0.9828125,0.7921875
07,093,East,0.25,0.5328125,0.04375,0.0390625,0.0953125,0.059375,0.0078125,0.0140625,0.0046875,0.0015625,0.81875,0.4046875
07,094,New Delhi,0.015625,0.8484375,0.04375,0.0546875,0.1171875,0.2984375,0.0046875,0.0109375,0.0109375,0.0203125,0.459375,0.16875
07,095,Central,0.1609375,0.875,0.04375,0.1109375,0.0375,0.0390625,0.003125,0.003125,0.0125,0.0046875,0.75,0.4609375
07,096,West,0.246875,0.4625,0.04375,0.075,0.115625,0.0703125,0.009375,0.0125,0.003125,0.00625,0.79375,0.4078125
07,097,South West,0.284375,0.425,0.04375,0.05625,0.16875,0.0796875,0.025,0.025,0.0140625,0.0109375,0.7828125,0.3328125
07,098,South,0.328125,0.4859375,0.04375,0.08125,0.1953125,0.0609375,0.0125,0.01875,0.021875,0.015625,0.821875,0.403125
08,099,Ganganagar ,0.4125,0.9890625,0.296875,0.6015625,0.59375,0.65625,0.3546875,0.4921875,0.5125,0.6375,0.259375,0.61875
08,100,Hanumangarh,0.45,0.928125,0.3109375,0.696875,0.7703125,0.7625,0.55,0.3890625,0.4390625,0.453125,0.2296875,0.7265625
08,101,Bikaner,0.83125,0.759375,0.24375,0.7484375,0.84375,0.5765625,0.46875,0.2125,0.45,0.478125,0.46875,0.928125
08,102,Churu,0.7046875,0.8125,0.278125,0.7078125,0.9078125,0.7203125,0.7890625,0.19375,0.646875,0.703125,0.35,0.8671875
08,103,Jhunjhunun,0.475,0.559375,0.396875,0.4359375,0.9359375,0.646875,0.5859375,0.1546875,0.7234375,0.8953125,0.4640625,0.803125
08,104,Alwar,0.740625,0.6,0.5875,0.5609375,0.965625,0.8359375,0.56875,0.24375,0.6609375,0.7828125,0.2546875,0.85
08,105,Bharatpur,0.8515625,0.8015625,0.40625,0.5875,0.98125,0.6953125,0.6609375,0.4265625,0.753125,0.7640625,0.4515625,0.896875
08,106,Dhaulpur,0.9078125,0.728125,0.5265625,0.628125,0.9453125,0.6375,0.415625,0.26875,0.8234375,0.95,0.3796875,0.8796875
08,107,Karauli,0.7953125,0.865625,0.7515625,0.7265625,0.996875,0.7609375,0.7390625,0.3484375,0.64375,0.646875,0.39375,0.8
08,108,Sawai Madhopur,0.6640625,0.7578125,0.7484375,0.740625,1.0,0.7359375,0.6765625,0.2953125,0.575,0.5375,0.384375,0.715625
08,109,Dausa,0.7234375,0.7921875,0.7734375,0.659375,0.990625,0.7265625,0.6453125,0.228125,0.534375,0.590625,0.4609375,0.8125
08,110,Jaipur,0.534375,0.4734375,0.5890625,0.39375,0.80625,0.3890625,0.175,0.1078125,0.2359375,0.3390625,0.671875,0.828125
08,111,Sikar,0.553125,0.496875,0.4453125,0.5125,0.95625,0.459375,0.425,0.1765625,0.653125,0.7765625,0.6546875,0.9078125
08,112,Nagaur,0.690625,0.7734375,0.234375,0.8203125,0.9796875,0.69375,0.6875,0.353125,0.659375,0.5296875,0.3953125,0.84375
08,113,Jodhpur,0.790625,0.534375,0.45625,0.7296875,0.959375,0.546875,0.375,0.3109375,0.615625,0.503125,0.5421875,0.834375
08,114,Jaisalmer,0.9640625,0.4609375,0.5609375,0.925,0.9953125,0.665625,0.4640625,0.2921875,0.821875,0.7296875,0.3921875,0.8453125
08,115,Barmer,0.95625,0.5546875,0.5703125,0.93125,0.984375,0.83125,0.7984375,0.2234375,0.8078125,0.66875,0.2765625,0.85625
08,116,Jalor,0.8640625,0.690625,0.6265625,0.9515625,0.99375,0.925,0.76875,0.334375,0.54375,0.59375,0.14375,0.8234375
08,117,Sirohi,0.815625,0.684375,0.790625,0.9484375,0.9859375,0.5359375,0.3296875,0.4546875,0.509375,0.5328125,0.5328125,0.659375
08,118,Pali,0.603125,0.6921875,0.5765625,0.8296875,0.975,0.596875,0.3921875,0.5359375,0.590625,0.5078125,0.4828125,0.46875
08,119,Ajmer,0.615625,0.634375,0.428125,0.6125,0.9515625,0.5296875,0.225,0.2609375,0.3890625,0.3359375,0.5171875,0.709375
08,120,Tonk,0.575,0.7234375,0.665625,0.84375,0.9921875,0.809375,0.63125,0.328125,0.446875,0.44375,0.2890625,0.7453125
08,121,Bundi,0.5828125,0.665625,0.740625,0.8453125,0.9765625,0.796875,0.6578125,0.4046875,0.6734375,0.7703125,0.2171875,0.5765625
08,122,Bhilwara,0.65625,0.5640625,0.61875,0.8546875,0.96875,0.803125,0.503125,0.2671875,0.4375,0.3765625,0.1953125,0.44375
08,123,Rajsamand,0.6796875,0.3796875,0.6828125,0.8125,0.9875,0.81875,0.390625,0.371875,0.73125,0.7015625,0.2,0.4015625
08,124,Dungarpur,0.8765625,0.15,0.9140625,0.8921875,0.95,0.871875,0.5421875,0.54375,0.9984375,0.9953125,0.2734375,0.50625
08,125,Banswara,0.9140625,0.171875,0.925,0.9359375,0.9421875,0.965625,0.9375,0.4140625,0.8484375,0.85,0.0734375,0.48125
08,126,Chittaurgarh,0.50625,0.51875,0.671875,0.840625,0.9828125,0.93125,0.74375,0.296875,0.2875,0.2984375,0.0546875,0.365625
08,127,Kota,0.4328125,0.7484375,0.615625,0.346875,0.703125,0.3703125,0.1796875,0.3421875,0.428125,0.4453125,0.628125,0.5
08,128,Baran,0.634375,0.615625,0.75625,0.715625,0.9703125,0.7515625,0.7703125,0.628125,0.746875,0.6765625,0.3078125,0.6
08,129,Jhalawar,0.6140625,0.578125,0.6703125,0.846875,0.978125,0.8390625,0.8796875,0.575,0.6546875,0.6078125,0.15625,0.546875
08,130,Udaipur,0.803125,0.209375,0.859375,0.834375,0.9390625,0.690625,0.4828125,0.4234375,0.8296875,0.8390625,0.3421875,0.5015625
08,131,Pratapgarh,0.8671875,0.234375,0.89375,0.9421875,0.9609375,0.9875,0.975,0.3953125,0.690625,0.75,0.021875,0.453125
09,132,Saharanpur,0.646875,0.809375,0.1265625,0.5734375,0.484375,0.0078125,0.2703125,0.50625,0.1921875,0.2609375,0.971875,0.859375
09,133,Muzaffarnagar,0.70625,0.4140625,0.09375,0.625,0.6546875,0.0359375,0.3140625,0.4859375,0.21875,0.2546875,0.940625,0.925
09,134,Bijnor,0.6890625,0.778125,0.1671875,0.65,0.50625,0.0203125,0.3046875,0.5421875,0.4265625,0.409375,0.98125,0.8640625
09,135,Moradabad,0.7875,0.484375,0.1109375,0.928125,0.5171875,0.03125,0.303125,0.465625,0.4015625,0.390625,0.9765625,0.8984375
09,136,Rampur,0.7671875,0.39375,0.1125,0.9625,0.5125,0.0546875,0.45625,0.5921875,0.44375,0.559375,0.915625,0.8828125
09,137,Jyotiba Phule Nagar,0.771875,0.5796875,0.0984375,0.790625,0.8234375,0.1890625,0.4171875,0.4203125,0.4703125,0.4953125,0.8765625,0.86875
09,138,Meerut,0.6078125,0.6171875,0.1828125,0.4703125,0.5015625,0.0640625,0.1453125,0.265625,0.296875,0.2578125,0.9109375,0.8859375
09,139,Baghpat,0.6390625,0.3359375,0.0890625,0.50625,0.8296875,0.0859375,0.2734375,0.340625,0.35,0.3109375,0.903125,0.9359375
09,140,Ghaziabad,0.5953125,0.5390625,0.171875,0.303125,0.4234375,0.1125,0.075,0.1609375,0.2640625,0.215625,0.884375,0.7890625
09,141,Gautam Buddha Nagar,0.6375,0.390625,0.196875,0.24375,0.525,0.215625,0.0890625,0.1734375,0.33125,0.265625,0.7890625,0.58125
09,142,Bulandshahr ,0.7125,0.7453125,0.0921875,0.6375,0.925,0.21875,0.2875,0.3984375,0.4796875,0.434375,0.8328125,0.8875
09,143,Aligarh,0.7109375,0.7328125,0.115625,0.6796875,0.815625,0.134375,0.259375,0.4375,0.5375,0.4921875,0.9046875,0.9046875
09,144,Mahamaya Nagar,0.7265625,0.88125,0.1171875,0.5234375,0.859375,0.0625,0.4046875,0.6015625,0.6453125,0.634375,0.9453125,0.9015625
09,145,Mathura,0.73125,0.7078125,0.153125,0.5796875,0.9171875,0.2375,0.2953125,0.4078125,0.6234375,0.609375,0.85,0.909375
09,146,Agra,0.68125,0.8234375,0.2109375,0.525,0.6375,0.109375,0.1859375,0.321875,0.475,0.4140625,0.9265625,0.9390625
09,147,Firozabad,0.6859375,0.6640625,0.184375,0.5109375,0.6125,0.0734375,0.2328125,0.3859375,0.484375,0.4296875,0.9546875,0.9125
09,148,Mainpuri,0.678125,0.703125,0.125,0.365625,0.5640625,0.0375,0.7734375,0.4765625,0.46875,0.50625,0.9703125,0.8890625
09,149,Budaun,0.9109375,0.5625,0.090625,0.975,0.728125,0.0265625,0.828125,0.4578125,0.3796875,0.4109375,0.96875,0.8921875
09,150,Bareilly,0.7203125,0.3703125,0.159375,0.9109375,0.6234375,0.065625,0.296875,0.453125,0.515625,0.4125,0.9203125,0.871875
09,151,Pilibhit,0.6546875,0.53125,0.1703125,0.8484375,0.778125,0.015625,0.725,0.665625,0.496875,0.490625,0.95625,0.8203125
09,152,Shahjahanpur,0.8140625,0.596875,0.1140625,0.8890625,0.5828125,0.009375,0.675,0.5828125,0.3921875,0.3890625,0.9796875,0.840625
09,153,Kheri,0.79375,0.9109375,0.3703125,0.8703125,0.6203125,0.040625,0.8234375,0.625,0.4671875,0.440625,0.9296875,0.7671875
09,154,Sitapur,0.809375,0.971875,0.1296875,0.8609375,0.646875,0.0671875,0.79375,0.6234375,0.5859375,0.5734375,0.9078125,0.81875
09,155,Hardoi,0.7359375,0.9640625,0.096875,0.765625,0.753125,0.06875,0.840625,0.584375,0.55,0.565625,0.89375,0.821875
09,156,Unnao,0.528125,0.959375,0.1796875,0.725,0.5703125,0.2625,0.678125,0.5546875,0.6984375,0.665625,0.7171875,0.7296875
09,157,Lucknow,0.2921875,0.740625,0.209375,0.3296875,0.1859375,0.1375,0.1046875,0.25,0.50625,0.4078125,0.83125,0.75
09,158,Rae Bareli,0.5515625,0.953125,0.146875,0.6921875,0.7609375,0.3203125,0.6484375,0.78125,0.925,0.9140625,0.7578125,0.7859375
09,159,Farrukhabad,0.7484375,0.54375,0.1078125,0.6296875,0.5578125,0.0453125,0.546875,0.4421875,0.353125,0.325,0.9328125,0.903125
09,160,Kannauj,0.7015625,0.65,0.0875,0.4765625,0.540625,0.075,0.6953125,0.4796875,0.3578125,0.39375,0.909375,0.8765625
09,161,Etawah,0.578125,0.8703125,0.103125,0.2953125,0.478125,0.090625,0.5609375,0.590625,0.6046875,0.5859375,0.9,0.8421875
09,162,Auraiya,0.5921875,0.9359375,0.1046875,0.28125,0.41875,0.0765625,0.753125,0.6453125,0.5421875,0.5171875,0.896875,0.8015625
09,163,Kanpur Dehat,0.5296875,0.903125,0.140625,0.378125,0.49375,0.203125,0.7796875,0.684375,0.60625,0.61875,0.771875,0.78125
09,164,Kanpur Nagar,0.2140625,0.6078125,0.165625,0.2609375,0.1125,0.1046875,0.1265625,0.3140625,0.3984375,0.4234375,0.8015625,0.7421875
09,165,Jalaun ,0.503125,0.925,0.14375,0.4390625,0.7421875,0.2828125,0.709375,0.725,0.7,0.6703125,0.690625,0.8703125
09,166,Jhansi,0.425,0.9328125,0.2125,0.409375,0.803125,0.453125,0.4234375,0.571875,0.66875,0.509375,0.51875,0.7765625
09,167,Lalitpur,0.8703125,0.7015625,0.5484375,0.8046875,0.89375,0.56875,0.896875,0.5046875,0.6140625,0.4984375,0.5,0.7875
09,168,Hamirpur,0.5203125,0.7984375,0.1375,0.6421875,0.8828125,0.45,0.69375,0.7609375,0.740625,0.6359375,0.553125,0.7640625
09,169,Mahoba,0.60625,0.8890625,0.1609375,0.74375,0.840625,0.4828125,0.6859375,0.6859375,0.6828125,0.571875,0.571875,0.7953125
09,170,Banda,0.7796875,0.7875,0.1,0.7140625,0.8921875,0.440625,0.81875,0.7234375,0.6671875,0.58125,0.609375,0.8265625
09,171,Chitrakoot,0.8859375,0.9203125,0.13125,0.7515625,0.8546875,0.5609375,0.8859375,0.7078125,0.596875,0.5515625,0.578125,0.875
09,172,Fatehpur,0.625,0.8796875,0.109375,0.68125,0.7171875,0.5,0.7125,0.740625,0.7828125,0.775,0.540625,0.8078125
09,173,Pratapgarh,0.5421875,0.8109375,0.121875,0.5890625,0.86875,0.3640625,0.5578125,0.6671875,0.9390625,0.946875,0.8421875,0.90625
09,174,Kaushambi,0.840625,0.984375,0.10625,0.85625,0.8984375,0.5859375,0.7640625,0.915625,0.75,0.7546875,0.5671875,0.853125
09,175,Allahabad ,0.6296875,0.803125,0.1953125,0.4921875,0.771875,0.403125,0.275,0.5,0.81875,0.79375,0.753125,0.9203125
09,176,Bara Banki,0.7375,0.9171875,0.1203125,0.8359375,0.55625,0.3265625,0.8,0.65625,0.6375,0.64375,0.7015625,0.8296875
09,177,Faizabad,0.5984375,0.825,0.1328125,0.64375,0.6140625,0.2875,0.5390625,0.6140625,0.8390625,0.8578125,0.828125,0.865625
09,178,Ambedkar Nagar,0.5453125,0.8765625,0.128125,0.4984375,0.6046875,0.3125,0.5703125,0.709375,0.8875,0.9015625,0.865625,0.9640625
09,179,Sultanpur,0.628125,0.821875,0.11875,0.615625,0.8046875,0.30625,0.628125,0.7484375,0.8984375,0.915625,0.86875,0.915625
09,180,Bahraich,0.940625,0.453125,0.2390625,0.98125,0.621875,0.184375,0.8953125,0.778125,0.75625,0.7359375,0.8484375,0.8578125
09,181,Shrawasti,0.9484375,0.565625,0.2703125,0.9921875,0.821875,0.3328125,0.9359375,0.759375,0.8671875,0.840625,0.71875,0.884375
09,182,Balrampur,0.921875,0.3828125,0.3484375,0.9796875,0.759375,0.35,0.90625,0.8046875,0.8265625,0.771875,0.75625,0.9796875
09,183,Gonda,0.8078125,0.4875,0.1234375,0.90625,0.8171875,0.284375,0.8125,0.6765625,0.778125,0.7890625,0.8109375,0.946875
09,184,Siddharthnagar,0.95,0.5109375,0.265625,0.89375,0.8703125,0.375,0.890625,0.83125,0.9421875,0.93125,0.8,0.9859375
09,185,Basti,0.7296875,0.7546875,0.2,0.69375,0.775,0.265625,0.8015625,0.6625,0.88125,0.903125,0.90625,0.95625
09,186,Sant Kabir Nagar,0.796875,0.784375,0.178125,0.7109375,0.8765625,0.259375,0.765625,0.8296875,0.959375,0.9453125,0.928125,0.98125
09,187,Mahrajganj,0.721875,0.6296875,0.2828125,0.821875,0.9578125,0.4265625,0.85,0.94375,0.9859375,0.940625,0.6796875,0.9421875
09,188,Gorakhpur,0.546875,0.7640625,0.2578125,0.5546875,0.825,0.1765625,0.3265625,0.63125,0.903125,0.9109375,0.9578125,0.953125
09,189,Kushinagar,0.7390625,0.4796875,0.4203125,0.7453125,0.9234375,0.2453125,0.7203125,0.86875,0.9734375,0.9515625,0.934375,0.9484375
09,190,Deoria,0.64375,0.471875,0.465625,0.540625,0.884375,0.1609375,0.4609375,0.6203125,0.9375,0.95625,0.990625,0.9765625
09,191,Azamgarh,0.684375,0.8953125,0.2140625,0.553125,0.7015625,0.2609375,0.5328125,0.615625,0.8765625,0.9203125,0.975,0.9921875
09,192,Mau,0.6984375,0.7828125,0.3359375,0.459375,0.5953125,0.3171875,0.31875,0.5734375,0.8796875,0.89375,0.9125,0.990625
09,193,Ballia,0.596875,0.48125,0.4609375,0.5515625,0.78125,0.271875,0.409375,0.696875,0.890625,0.8421875,0.9234375,0.984375
09,194,Jaunpur,0.659375,0.80625,0.1875,0.5265625,0.8890625,0.3546875,0.6375,0.56875,0.79375,0.846875,0.9015625,0.9875
09,195,Ghazipur,0.6953125,0.715625,0.309375,0.5171875,0.83125,0.359375,0.6046875,0.6640625,0.7671875,0.828125,0.8390625,0.978125
09,196,Chandauli,0.725,0.834375,0.409375,0.53125,0.7625,0.315625,0.4,0.7046875,0.93125,0.90625,0.834375,0.9734375
09,197,Varanasi,0.4765625,0.396875,0.3046875,0.3859375,0.5234375,0.2234375,0.1421875,0.284375,0.48125,0.528125,0.8453125,0.971875
09,198,Sant Ravidas Nagar (Bhadohi),0.778125,0.8203125,0.1921875,0.63125,0.9265625,0.2125,0.2265625,0.425,0.8171875,0.890625,0.9734375,0.9953125
09,199,Mirzapur,0.7890625,0.9140625,0.3125,0.6484375,0.8109375,0.365625,0.4140625,0.7,0.8203125,0.803125,0.759375,0.9453125
09,200,Sonbhadra,0.86875,0.83125,0.7421875,0.7828125,0.85,0.5546875,0.6921875,0.91875,0.909375,0.8921875,0.5984375,0.8140625
09,201,Etah,0.74375,0.50625,0.0953125,0.55625,0.8265625,0.1,0.65,0.4703125,0.4578125,0.5015625,0.946875,0.921875
09,202,Kanshiram Nagar,0.865625,0.5953125,0.1015625,0.8640625,0.8375,0.140625,0.721875,0.434375,0.49375,0.63125,0.8625,0.9140625
10,203,Pashchim Champaran,0.971875,0.428125,0.5640625,0.9453125,0.7296875,0.425,0.9546875,1.0,0.915625,0.8109375,0.65625,0.796875
10,204,Purba Champaran,0.9765625,0.3765625,0.2265625,0.94375,0.6875,0.3,0.9296875,0.9859375,0.7453125,0.6546875,0.8125,0.696875
10,205,Sheohar,0.96875,0.4578125,0.1421875,0.9578125,0.453125,0.1953125,0.928125,0.990625,0.7640625,0.6984375,0.85625,0.209375
10,206,Sitamarhi,0.9609375,0.34375,0.1734375,0.9703125,0.565625,0.171875,0.846875,0.971875,0.7015625,0.5765625,0.875,0.3390625
10,207,Madhubani,0.9125,0.3890625,0.175,0.909375,0.8875,0.4046875,0.940625,0.975,0.7375,0.7609375,0.7078125,0.553125
10,208,Supaul,0.9703125,0.5078125,0.2609375,0.9203125,0.9109375,0.5671875,0.9875,0.9921875,0.9234375,0.815625,0.5921875,0.5734375
10,209,Araria,0.990625,0.4171875,0.371875,0.959375,0.575,0.4640625,0.98125,0.9953125,0.7484375,0.6671875,0.6390625,0.5296875
10,210,Kishanganj,0.9890625,0.2296875,0.48125,0.946875,0.509375,0.1078125,0.934375,0.984375,0.56875,0.546875,0.9359375,0.5546875
10,211,Purnia,0.978125,0.346875,0.5046875,0.9765625,0.5,0.3453125,0.959375,0.996875,0.6953125,0.6203125,0.76875,0.5828125
10,212,Katihar,0.9796875,0.2796875,0.546875,0.9671875,0.3890625,0.2296875,0.9671875,0.9984375,0.7296875,0.6921875,0.8515625,0.5375
10,213,Madhepura,0.98125,0.58125,0.284375,0.965625,0.6765625,0.540625,0.9921875,0.9890625,0.878125,0.746875,0.615625,0.55
10,214,Saharsa,0.984375,0.5515625,0.2359375,0.9640625,0.8,0.3390625,0.9171875,0.959375,0.8890625,0.809375,0.80625,0.66875
10,215,Darbhanga,0.928125,0.4953125,0.15625,0.9296875,0.7734375,0.1453125,0.7421875,0.934375,0.8375,0.7390625,0.94375,0.490625
10,216,Muzaffarpur,0.8828125,0.4984375,0.19375,0.8078125,0.4953125,0.178125,0.61875,0.9078125,0.85625,0.740625,0.890625,0.6140625
10,217,Gopalganj,0.88125,0.365625,0.4234375,0.7375,0.7765625,0.14375,0.821875,0.8609375,0.9515625,0.9234375,0.9890625,0.934375
10,218,Siwan,0.8,0.3390625,0.4359375,0.60625,0.76875,0.0828125,0.65625,0.746875,0.95625,0.925,0.99375,0.9375
10,219,Saran,0.85625,0.3484375,0.325,0.728125,0.8390625,0.021875,0.6828125,0.875,0.9296875,0.8703125,0.996875,0.940625
10,220,Vaishali,0.8546875,0.76875,0.1546875,0.7171875,0.5859375,0.084375,0.734375,0.8734375,0.70625,0.55625,0.959375,0.809375
10,221,Samastipur,0.9375,0.6578125,0.1390625,0.83125,0.653125,0.159375,0.8390625,0.946875,0.7046875,0.5625,0.91875,0.6359375
10,222,Begusarai,0.9234375,0.4484375,0.1484375,0.7859375,0.4734375,0.1875,0.48125,0.8484375,0.78125,0.6578125,0.9140625,0.5796875
10,223,Khagaria,0.9875,0.465625,0.134375,0.91875,0.428125,0.328125,0.853125,0.9796875,0.90625,0.796875,0.8265625,0.6078125
10,224,Bhagalpur,0.903125,0.3171875,0.4171875,0.815625,0.409375,0.2265625,0.4921875,0.8875,0.9125,0.884375,0.8890625,0.7609375
10,225,Banka,0.93125,0.3546875,0.509375,0.9140625,0.66875,0.4453125,0.9578125,0.9828125,0.96875,0.9390625,0.6421875,0.7484375
10,226,Munger,0.8171875,0.403125,0.3765625,0.5765625,0.425,0.1796875,0.3875,0.853125,0.9046875,0.8546875,0.9390625,0.7
10,227,Lakhisarai,0.9421875,0.4828125,0.3203125,0.828125,0.584375,0.2515625,0.7828125,0.8984375,0.8046875,0.7078125,0.871875,0.9265625
10,228,Sheikhpura,0.953125,0.7359375,0.18125,0.7890625,0.684375,0.390625,0.7875,0.89375,0.728125,0.6734375,0.7625,0.94375
10,229,Nalanda,0.90625,0.7703125,0.1453125,0.7703125,0.784375,0.409375,0.7609375,0.921875,0.6203125,0.496875,0.7140625,0.9109375
10,230,Patna,0.759375,0.503125,0.2046875,0.5625,0.4828125,0.2015625,0.2984375,0.653125,0.565625,0.425,0.8921875,0.8953125
10,231,Bhojpur,0.8203125,0.49375,0.2734375,0.575,0.88125,0.128125,0.625,0.8203125,0.7984375,0.778125,0.965625,0.9671875
10,232,Buxar,0.8625,0.459375,0.378125,0.5859375,0.8078125,0.2171875,0.73125,0.8640625,0.815625,0.8296875,0.9171875,0.965625
10,233,Kaimur (Bhabua),0.925,0.8328125,0.46875,0.6109375,0.7359375,0.2328125,0.8578125,0.9375,0.8953125,0.859375,0.93125,0.9609375
10,234,Rohtas,0.853125,0.6375,0.3390625,0.4484375,0.6640625,0.16875,0.6203125,0.809375,0.8578125,0.8796875,0.9375,0.9546875
10,235,Aurangabad,0.9,0.8609375,0.1359375,0.58125,0.7,0.2953125,0.7578125,0.9203125,0.871875,0.821875,0.853125,0.959375
10,236,Gaya,0.8953125,0.9578125,0.1578125,0.796875,0.6703125,0.4875,0.6671875,0.8671875,0.825,0.715625,0.64375,0.9515625
10,237,Nawada,0.8890625,0.9,0.1765625,0.8859375,0.75,0.43125,0.8203125,0.8921875,0.8015625,0.7328125,0.6875,0.9703125
10,238,Jamui,0.9296875,0.5765625,0.5140625,0.884375,0.8859375,0.6171875,0.6109375,0.840625,0.8125,0.7453125,0.4859375,0.8484375
10,239,Jehanabad ,0.884375,0.7046875,0.1890625,0.7046875,0.8421875,0.2546875,0.771875,0.9015625,0.665625,0.5578125,0.8859375,0.9328125
10,240,Arwal,0.91875,0.7171875,0.16875,0.6828125,0.896875,0.3140625,0.9484375,0.9875,0.6859375,0.6015625,0.825,0.88125
11,241,North  District,0.1515625,0.1203125,0.8984375,0.309375,0.2578125,0.790625,0.2203125,0.1921875,0.540625,0.8171875,0.03125,0.509375
11,242,West District,0.259375,0.16875,0.8421875,0.328125,0.2890625,0.921875,0.671875,0.234375,0.5671875,0.8625,0.059375,0.4640625
11,243,South District,0.1546875,0.1609375,0.7890625,0.215625,0.1734375,0.859375,0.3765625,0.1140625,0.6890625,0.9078125,0.0765625,0.425
11,244,East District,0.059375,0.196875,0.78125,0.146875,0.153125,0.703125,0.1390625,0.1640625,0.36875,0.5640625,0.1359375,0.3171875
12,245,Tawang,0.2703125,0.025,0.909375,0.9015625,0.7390625,0.890625,0.1484375,0.1125,0.178125,0.14375,0.0140625,0.5421875
12,246,West Kameng,0.5109375,0.025,0.871875,0.6984375,0.365625,0.7453125,0.190625,0.0828125,0.290625,0.359375,0.0875,0.3265625
12,247,East Kameng,0.9359375,0.025,0.9609375,0.8765625,0.5140625,0.765625,0.759375,0.065625,0.1796875,0.121875,0.5484375,0.771875
12,248,Papum Pare,0.5609375,0.025,0.9015625,0.2515625,0.259375,0.4984375,0.103125,0.0546875,0.4078125,0.303125,0.6703125,0.521875
12,249,Upper Subansiri,0.6359375,0.025,0.965625,0.79375,0.265625,0.7375,0.7015625,0.1109375,0.4328125,0.3421875,0.5640625,0.7234375
12,250,West Siang,0.4546875,0.025,0.9390625,0.7203125,0.3109375,0.734375,0.4796875,0.053125,0.125,0.2921875,0.365625,0.734375
12,251,East Siang,0.4296875,0.025,0.9109375,0.484375,0.240625,0.6453125,0.43125,0.178125,0.2421875,0.3875,0.53125,0.69375
12,252,Upper Siang,0.540625,0.025,0.934375,0.8796875,0.346875,0.9390625,0.4671875,0.0921875,0.2703125,0.46875,0.1125,0.4328125
12,253,Changlang,0.878125,0.025,0.825,0.8828125,0.6171875,0.6328125,0.684375,0.1375,0.3265625,0.421875,0.4328125,0.5703125
12,254,Tirap,0.8984375,0.025,0.9515625,0.96875,0.671875,0.84375,0.825,0.071875,0.103125,0.2515625,0.325,0.775
12,255,Lower Subansiri,0.359375,0.025,0.95,0.428125,0.2671875,0.5890625,0.3203125,0.13125,0.4890625,0.484375,0.7109375,0.7796875
12,256,Kurung Kumey,0.9328125,0.025,1.0,0.9875,0.2734375,0.85625,0.909375,0.15625,0.7609375,0.725,0.4890625,0.9234375
12,257,Dibang Valley,0.4796875,0.025,0.9171875,0.78125,0.1265625,0.7328125,0.2078125,0.0625,0.6125,0.7578125,0.346875,0.1046875
12,258,Lower Dibang Valley,0.6234375,0.025,0.85625,0.6234375,0.3234375,0.5984375,0.41875,0.2875,0.0875,0.1078125,0.49375,0.353125
12,259,Lohit,0.78125,0.025,0.8078125,0.65625,0.415625,0.6015625,0.484375,0.246875,0.24375,0.25625,0.4671875,0.4546875
12,260,Anjaw,0.7828125,0.025,0.9296875,0.9328125,0.8578125,0.9140625,0.4859375,0.03125,0.1046875,0.3296875,0.13125,0.3078125
13,261,Mon,0.753125,0.025,0.9796875,0.9265625,0.103125,0.9953125,0.9765625,0.15,0.6109375,0.9375,0.009375,0.890625
13,262,Mokokchung,0.1359375,0.025,0.959375,0.0296875,0.0078125,0.9375,0.4125,0.1828125,0.315625,0.6125,0.0640625,0.290625
13,263,Zunheboto,0.5671875,0.025,0.99375,0.1046875,0.0421875,0.990625,0.7296875,0.2890625,0.803125,1.0,0.0171875,0.596875
13,264,Wokha,0.3234375,0.025,0.9671875,0.0625,0.046875,0.91875,0.653125,0.1625,0.3140625,0.6796875,0.225,0.7078125
13,265,Dimapur ,0.471875,0.025,0.890625,0.115625,0.0453125,0.5125,0.09375,0.11875,0.31875,0.4171875,0.565625,0.43125
13,266,Phek,0.834375,0.025,0.9859375,0.30625,0.2125,0.9625,0.7671875,0.0765625,0.3734375,0.8015625,0.140625,0.25
13,267,Tuensang,0.9171875,0.025,0.9953125,0.4625,0.05625,0.95625,0.9234375,0.08125,0.4984375,0.9125,0.115625,0.75625
13,268,Longleng,0.909375,0.025,0.9875,0.5015625,0.0359375,0.9984375,0.8765625,0.0859375,0.6765625,0.9828125,0.0078125,0.1390625
13,269,Kiphire,0.975,0.025,0.9890625,0.6046875,0.18125,0.8578125,0.71875,0.078125,0.3203125,0.5140625,0.390625,0.5609375
13,270,Kohima,0.478125,0.025,0.940625,0.10625,0.0671875,0.7125,0.2171875,0.034375,0.1453125,0.4390625,0.403125,0.5140625
13,271,Peren,0.7609375,0.025,0.953125,0.3140625,0.159375,1.0,0.7078125,0.1265625,0.84375,0.99375,0.003125,0.6734375
14,272,Senapati,0.4515625,0.0890625,0.946875,0.8,0.21875,0.9515625,0.9078125,0.096875,0.3703125,0.4703125,0.1515625,0.8515625
14,273,Tamenglong ,0.5015625,0.0546875,0.9828125,0.5921875,0.2625,0.96875,0.7453125,0.046875,0.3765625,0.3234375,0.1015625,0.825
14,274,Churachandpur,0.4921875,0.0859375,0.9625,0.178125,0.1078125,0.771875,0.4421875,0.140625,0.5640625,0.475,0.3296875,0.8109375
14,275,Bishnupur,0.4484375,0.2953125,0.3734375,0.371875,0.5765625,0.7984375,0.2390625,0.259375,0.6484375,0.728125,0.2640625,0.634375
14,276,Thoubal,0.571875,0.303125,0.259375,0.421875,0.73125,0.8234375,0.3828125,0.3234375,0.68125,0.76875,0.265625,0.4953125
14,277,Imphal West,0.309375,0.134375,0.5203125,0.090625,0.24375,0.609375,0.1,0.1203125,0.40625,0.465625,0.5046875,0.3484375
14,278,Imphal East,0.44375,0.140625,0.5515625,0.2015625,0.325,0.640625,0.125,0.209375,0.5109375,0.5046875,0.4125,0.5328125
14,279,Ukhrul,0.4625,0.078125,0.9703125,0.21875,0.1140625,0.940625,0.659375,0.0890625,0.434375,0.696875,0.1875,0.6765625
14,280,Chandel,0.30625,0.0984375,0.95625,0.5421875,0.3484375,0.959375,0.6296875,0.2203125,0.6265625,0.8453125,0.0421875,0.559375
15,281,Mamit,0.9015625,0.0640625,0.975,0.1140625,0.121875,0.7296875,0.9015625,0.1296875,0.04375,0.071875,0.29375,0.4671875
15,282,Kolasib,0.75,0.0703125,0.9484375,0.021875,0.015625,0.6484375,0.565625,0.309375,0.3171875,0.35625,0.371875,0.459375
15,283,Aizawl,0.434375,0.0828125,0.9640625,0.003125,0.003125,0.678125,0.1234375,0.1328125,0.1390625,0.290625,0.3734375,0.45
15,284,Champhai,0.784375,0.053125,0.9984375,0.009375,0.01875,0.8609375,0.790625,0.1890625,0.115625,0.3328125,0.1828125,0.515625
15,285,Serchhip,0.5703125,0.0625,0.9921875,0.0015625,0.00625,0.9078125,0.7265625,0.0796875,0.040625,0.18125,0.1203125,0.665625
15,286,Lunglei,0.703125,0.071875,0.9765625,0.046875,0.0515625,0.828125,0.7375,0.25625,0.375,0.7796875,0.165625,0.478125
15,287,Lawngtlai,0.9515625,0.0765625,0.98125,0.7328125,0.51875,0.5484375,0.7171875,0.14375,0.234375,0.284375,0.6203125,0.6546875
15,288,Saiha,0.846875,0.08125,0.990625,0.034375,0.04375,0.4375,0.309375,0.0984375,0.4765625,0.721875,0.790625,0.6125
16,289,West Tripura ,0.203125,0.6953125,0.7640625,0.05,0.084375,0.378125,0.203125,0.428125,0.4875,0.6453125,0.5375,0.134375
16,290,South Tripura ,0.390625,0.5140625,0.8359375,0.1203125,0.1796875,0.4546875,0.3421875,0.5671875,0.628125,0.8375,0.4625,0.1359375
16,291,Dhalai,0.621875,0.5265625,0.875,0.09375,0.2171875,0.475,0.384375,0.521875,0.65,0.675,0.5015625,0.259375
16,292,North Tripura,0.56875,0.5421875,0.7671875,0.0671875,0.071875,0.2578125,0.1890625,0.3359375,0.503125,0.55,0.7375,0.2859375
17,293,West Garo Hills,0.8796875,0.10625,0.921875,0.678125,0.140625,0.6140625,0.5046875,0.3,0.546875,0.575,0.5796875,0.70625
17,294,East Garo Hills,0.9203125,0.084375,0.984375,0.4375,0.0828125,0.659375,0.8484375,0.29375,0.7203125,0.78125,0.584375,0.784375
17,295,South Garo Hills,0.9671875,0.090625,0.96875,0.51875,0.1390625,0.534375,0.528125,0.2109375,0.578125,0.6421875,0.6671875,0.8609375
17,296,West Khasi Hills,0.996875,0.059375,0.996875,0.3171875,0.009375,0.78125,0.815625,0.4390625,0.559375,0.65,0.4234375,0.878125
17,297,Ribhoi,0.9859375,0.0921875,0.9546875,0.384375,0.0171875,0.6421875,0.7234375,0.3578125,0.1859375,0.3546875,0.50625,0.79375
17,298,East Khasi Hills,0.821875,0.1015625,0.9328125,0.134375,0.0046875,0.5421875,0.1765625,0.2421875,0.090625,0.2265625,0.5875,0.578125
17,299,Jaintia Hills,1.0,0.09375,0.978125,0.8421875,0.0015625,0.6265625,0.378125,0.4484375,0.59375,0.578125,0.60625,0.89375
18,300,Kokrajhar,0.696875,0.1390625,0.8015625,0.746875,0.334375,0.4,0.5015625,0.315625,0.5265625,0.365625,0.625,0.4890625
18,301,Dhubri,0.9453125,0.1453125,0.2421875,0.9125,0.14375,0.1640625,0.3796875,0.4984375,0.4828125,0.5890625,0.7953125,0.371875
18,302,Goalpara,0.84375,0.1734375,0.7578125,0.6875,0.1,0.290625,0.371875,0.4015625,0.5546875,0.428125,0.7296875,0.6171875
18,303,Barpeta,0.8359375,0.2,0.3796875,0.7921875,0.1984375,0.1296875,0.3484375,0.3328125,0.396875,0.4546875,0.846875,0.5625
18,304,Morigaon,0.85,0.35625,0.6921875,0.6625,0.0890625,0.3046875,0.6,0.4125,0.525,0.378125,0.6953125,0.690625
18,305,Nagaon,0.7703125,0.296875,0.49375,0.4875,0.1046875,0.1734375,0.3640625,0.390625,0.490625,0.45625,0.78125,0.5921875
18,306,Sonitpur,0.5875,0.203125,0.6578125,0.6890625,0.3046875,0.4125,0.2625,0.2796875,0.5734375,0.5234375,0.559375,0.4875
18,307,Lakhimpur,0.6578125,0.2640625,0.7609375,0.3359375,0.2984375,0.521875,0.58125,0.2046875,0.7265625,0.640625,0.4953125,0.6375
18,308,Dhemaji,0.6734375,0.221875,0.853125,0.478125,0.371875,0.7828125,0.8984375,0.121875,0.7703125,0.7109375,0.278125,0.7328125
18,309,Tinsukia,0.5,0.128125,0.55625,0.6,0.4125,0.5375,0.1734375,0.171875,0.5484375,0.4484375,0.4546875,0.5234375
18,310,Dibrugarh,0.3546875,0.1703125,0.5828125,0.3640625,0.3515625,0.5453125,0.171875,0.221875,0.6390625,0.6109375,0.4453125,0.415625
18,311,Sivasagar,0.3265625,0.146875,0.503125,0.2359375,0.1921875,0.5140625,0.1953125,0.196875,0.7359375,0.8078125,0.446875,0.33125
18,312,Jorhat,0.253125,0.271875,0.66875,0.1984375,0.19375,0.6359375,0.2125,0.215625,0.69375,0.6859375,0.2921875,0.328125
18,313,Golaghat,0.38125,0.20625,0.634375,0.325,0.271875,0.61875,0.340625,0.2625,0.6640625,0.6625,0.3171875,0.36875
18,314,Karbi Anglong,0.728125,0.1796875,0.88125,0.6171875,0.353125,0.5390625,0.8046875,0.30625,0.6921875,0.709375,0.55625,0.7625
18,315,Dima Hasao,0.66875,0.1140625,0.915625,0.3203125,0.2390625,0.490625,0.4109375,0.115625,0.3484375,0.35,0.58125,0.603125
18,316,Cachar,0.61875,0.478125,0.3328125,0.26875,0.190625,0.20625,0.140625,0.2296875,0.4203125,0.3578125,0.7703125,0.3
18,317,Karimganj,0.8578125,0.38125,0.20625,0.2984375,0.2421875,0.1109375,0.215625,0.3203125,0.553125,0.54375,0.8828125,0.5359375
18,318,Hailakandi,0.828125,0.3234375,0.1859375,0.4296875,0.309375,0.1171875,0.2421875,0.271875,0.4296875,0.4421875,0.88125,0.3140625
18,319,Bongaigaon,0.71875,0.33125,0.434375,0.596875,0.1640625,0.196875,0.315625,0.3546875,0.4953125,0.596875,0.7859375,0.5078125
18,320,Chirang,0.671875,0.2421875,0.8296875,0.803125,0.3328125,0.48125,0.440625,0.3453125,0.5953125,0.4671875,0.55,0.53125
18,321,Kamrup,0.446875,0.2390625,0.65625,0.390625,0.23125,0.46875,0.2453125,0.303125,0.715625,0.684375,0.48125,0.471875
18,322,Kamrup Metropolitan,0.0765625,0.2703125,0.55,0.0484375,0.0640625,0.278125,0.0390625,0.0703125,0.215625,0.1578125,0.6015625,0.1703125
18,323,Nalbari,0.3578125,0.2609375,0.4515625,0.290625,0.2296875,0.1671875,0.1703125,0.2484375,0.5515625,0.48125,0.784375,0.54375
18,324,Baksa,0.4078125,0.25625,0.815625,0.61875,0.4375,0.5515625,0.4484375,0.4515625,0.678125,0.534375,0.4046875,0.534375
18,325,Darrang,0.825,0.1671875,0.3234375,0.8171875,0.1484375,0.228125,0.559375,0.4890625,0.5234375,0.5390625,0.7734375,0.525
18,326,Udalguri,0.4859375,0.1765625,0.80625,0.7390625,0.36875,0.49375,0.3953125,0.403125,0.5578125,0.3703125,0.4765625,0.5171875
19,327,Darjiling ,0.11875,0.575,0.75,0.2625,0.2546875,0.3625,0.0875,0.190625,0.403125,0.615625,0.68125,0.3828125
19,328,Jalpaiguri ,0.3078125,0.990625,0.73125,0.4546875,0.3390625,0.35625,0.1828125,0.446875,0.4515625,0.603125,0.6046875,0.2484375
19,329,Koch Bihar ,0.34375,1.0,0.2875,0.4125,0.2515625,0.325,0.6125,0.6484375,0.3859375,0.3484375,0.5625,0.153125
19,330,Uttar Dinajpur,0.75625,0.91875,0.5375,0.8984375,0.3203125,0.2734375,0.5625,0.7671875,0.4421875,0.41875,0.7421875,0.5390625
19,331,Dakshin Dinajpur,0.2296875,0.9390625,0.7125,0.471875,0.203125,0.4140625,0.6171875,0.7375,0.5,0.4875,0.4578125,0.1515625
19,332,Maldah ,0.6828125,0.7609375,0.5859375,0.8390625,0.1359375,0.3734375,0.3234375,0.6578125,0.6796875,0.6515625,0.621875,0.375
19,333,Murshidabad ,0.565625,0.3734375,0.3671875,0.71875,0.059375,0.2359375,0.2640625,0.609375,0.4,0.38125,0.709375,0.2734375
19,334,Birbhum,0.39375,0.9453125,0.5734375,0.5640625,0.2953125,0.2421875,0.5109375,0.846875,0.675,0.7734375,0.640625,0.1765625
19,335,Barddhaman ,0.1671875,0.921875,0.5625,0.359375,0.296875,0.2109375,0.240625,0.6265625,0.51875,0.5125,0.65,0.246875
19,336,Nadia ,0.0890625,0.9484375,0.440625,0.4109375,0.0859375,0.05625,0.2609375,0.565625,0.1421875,0.178125,0.7484375,0.1296875
19,337,North Twenty Four Parganas,0.034375,0.790625,0.4390625,0.1375,0.06875,0.1015625,0.109375,0.31875,0.1765625,0.4640625,0.7453125,0.1640625
19,338,Hugli ,0.0453125,0.8671875,0.4984375,0.2046875,0.1703125,0.2046875,0.2046875,0.5234375,0.3640625,0.4015625,0.6078125,0.18125
19,339,Bankura ,0.278125,0.975,0.63125,0.584375,0.6734375,0.384375,0.5671875,0.8171875,0.7890625,0.88125,0.5203125,0.3640625
19,340,Puruliya,0.5234375,0.68125,0.725,0.76875,0.9640625,0.590625,0.4625,0.728125,0.9625,0.9578125,0.41875,0.6796875
19,341,Haora ,0.1625,0.4640625,0.2328125,0.1640625,0.0734375,0.1203125,0.0578125,0.1984375,0.278125,0.340625,0.6578125,0.2984375
19,342,Kolkata,0.0015625,0.1953125,0.2234375,0.084375,0.0328125,0.246875,0.021875,0.0203125,0.121875,0.0359375,0.5703125,0.2171875
19,343,South Twenty Four Parganas,0.3734375,0.9515625,0.3515625,0.3234375,0.2359375,0.165625,0.20625,0.525,0.703125,0.7859375,0.715625,0.3046875
19,344,Paschim Medinipur,0.271875,0.671875,0.7,0.3109375,0.3796875,0.4359375,0.60625,0.8125,0.83125,0.9046875,0.434375,0.2828125
19,345,Purba Medinipur,0.2640625,0.4546875,0.2765625,0.071875,0.1828125,0.190625,0.35625,0.675,0.853125,0.9359375,0.6609375,0.3015625
20,346,Garhwa ,0.915625,0.8625,0.7078125,0.8734375,0.903125,0.73125,0.86875,0.9765625,1.0,0.9859375,0.3875,0.6953125
20,347,Chatra,0.9390625,0.9765625,0.50625,0.875,0.675,0.5203125,0.8703125,0.871875,0.9609375,0.8234375,0.6328125,0.846875
20,348,Kodarma,0.934375,0.4765625,0.3265625,0.703125,0.946875,0.3921875,0.396875,0.484375,0.896875,0.9265625,0.73125,0.9296875
20,349,Giridih,0.94375,0.4015625,0.625,0.8140625,0.9671875,0.6765625,0.70625,0.6546875,0.990625,0.9796875,0.4375,0.93125
20,350,Deoghar,0.9046875,0.375,0.659375,0.7546875,0.915625,0.3796875,0.475,0.7015625,0.91875,0.8671875,0.6828125,0.8328125
20,351,Godda,0.9265625,0.2828125,0.746875,0.934375,0.8796875,0.625,0.9453125,0.965625,0.9875,0.9640625,0.45,0.684375
20,352,Sahibganj,0.9578125,0.2171875,0.775,0.971875,0.5203125,0.671875,0.5546875,0.7828125,0.7328125,0.74375,0.421875,0.6046875
20,353,Pakur,0.9734375,0.13125,0.8390625,0.9859375,0.4859375,0.75625,0.515625,0.6828125,0.796875,0.7171875,0.31875,0.5203125
20,354,Dhanbad,0.5140625,0.525,0.603125,0.4203125,0.64375,0.1421875,0.1015625,0.2375,0.7546875,0.790625,0.925,0.7390625
20,355,Bokaro,0.559375,0.4421875,0.6609375,0.5078125,0.8015625,0.2484375,0.1984375,0.3515625,0.9,0.91875,0.84375,0.7125
20,356,Lohardaga,0.81875,0.1375,0.8828125,0.6765625,0.6515625,0.8984375,0.9390625,0.671875,0.975,0.9609375,0.184375,0.703125
20,357,Purbi Singhbhum,0.40625,0.18125,0.79375,0.3953125,0.5109375,0.303125,0.196875,0.4875,0.7765625,0.7671875,0.70625,0.4265625
20,358,Palamu,0.8375,0.9234375,0.6109375,0.7984375,0.8125,0.428125,0.75625,0.9421875,0.9921875,0.9734375,0.6890625,0.76875
20,359,Latehar,0.946875,0.7765625,0.8484375,0.890625,0.7578125,0.740625,0.8828125,0.8390625,0.996875,0.9546875,0.396875,0.7828125
20,360,Hazaribagh,0.76875,0.584375,0.575,0.5953125,0.7453125,0.4796875,0.5203125,0.5078125,0.95,0.865625,0.646875,0.8375
20,361,Ramgarh,0.54375,0.3296875,0.7453125,0.45625,0.63125,0.225,0.234375,0.2859375,0.621875,0.6890625,0.8640625,0.7359375
20,362,Dumka,0.8046875,0.2078125,0.84375,0.8625,0.8953125,0.79375,0.903125,0.8890625,0.99375,0.953125,0.21875,0.4234375
20,363,Jamtara,0.8015625,0.29375,0.7984375,0.7640625,0.9015625,0.5265625,0.803125,0.771875,0.9953125,0.94375,0.490625,0.628125
20,364,Ranchi,0.5078125,0.190625,0.821875,0.3625,0.5046875,0.503125,0.3171875,0.459375,0.725,0.65625,0.596875,0.6484375
20,365,Khunti,0.765625,0.175,0.9203125,0.7875,0.6984375,0.9234375,0.965625,0.3609375,0.8546875,0.7203125,0.15,0.653125
20,366,Gumla,0.8296875,0.1328125,0.9046875,0.7359375,0.6484375,0.9015625,0.984375,0.3921875,0.8734375,0.834375,0.20625,0.7734375
20,367,Simdega,0.7171875,0.2484375,0.9125,0.6640625,0.4625,0.8875,0.9859375,0.59375,0.9203125,0.7375,0.178125,0.60625
20,368,Pashchimi Singhbhum,0.875,0.1515625,0.903125,0.9078125,0.9125,0.815625,0.7953125,0.7125,0.9578125,0.878125,0.2671875,0.5453125
20,369,Saraikela-Kharsawan,0.6453125,0.1921875,0.81875,0.675,0.8609375,0.5078125,0.459375,0.621875,0.9265625,0.8515625,0.54375,0.4296875
21,370,Bargarh,0.1953125,0.71875,0.7328125,0.41875,0.571875,0.7921875,0.8328125,0.8703125,0.8,0.678125,0.0625,0.0734375
21,371,Jharsuguda,0.2203125,0.6140625,0.8,0.284375,0.440625,0.4578125,0.2109375,0.44375,0.6515625,0.5984375,0.4078125,0.1609375
21,372,Sambalpur,0.2453125,0.6328125,0.8140625,0.3578125,0.4765625,0.7421875,0.2890625,0.5984375,0.71875,0.5796875,0.1578125,0.121875
21,373,Debagarh,0.3890625,0.55,0.8203125,0.4828125,0.6,0.953125,0.8296875,0.909375,0.94375,0.8875,0.040625,0.1140625
21,374,Sundargarh,0.375,0.2890625,0.8625,0.45,0.4203125,0.4953125,0.30625,0.5453125,0.8109375,0.8265625,0.4703125,0.2078125
21,375,Kendujhar,0.5859375,0.340625,0.846875,0.6546875,0.659375,0.559375,0.59375,0.753125,0.865625,0.81875,0.428125,0.240625
21,376,Mayurbhanj,0.51875,0.2453125,0.8890625,0.8109375,0.74375,0.8421875,0.584375,0.859375,0.9828125,0.928125,0.1625,0.1859375
21,377,Baleshwar,0.3625,0.7390625,0.6515625,0.2578125,0.3765625,0.3515625,0.66875,0.7109375,0.721875,0.8328125,0.5515625,0.2046875
21,378,Bhadrak,0.3484375,0.815625,0.4,0.1796875,0.3453125,0.0109375,0.575,0.6046875,0.6359375,0.621875,0.9421875,0.4984375
21,379,Kendrapara ,0.221875,0.78125,0.290625,0.109375,0.278125,0.046875,0.50625,0.5796875,0.6625,0.6265625,0.8875,0.2578125
21,380,Jagatsinghapur ,0.046875,0.796875,0.2984375,0.0796875,0.2265625,0.1265625,0.3578125,0.5265625,0.5890625,0.45,0.7515625,0.203125
21,381,Cuttack,0.1078125,0.6671875,0.4703125,0.1,0.2203125,0.121875,0.221875,0.515625,0.5203125,0.515625,0.746875,0.278125
21,382,Jajapur  ,0.29375,0.85625,0.5953125,0.2421875,0.33125,0.0046875,0.36875,0.634375,0.5359375,0.4359375,0.9625,0.2640625
21,383,Dhenkanal,0.2796875,0.6984375,0.6796875,0.2875,0.4015625,0.2078125,0.34375,0.690625,0.765625,0.69375,0.7046875,0.1671875
21,384,Anugul  ,0.3125,0.653125,0.690625,0.321875,0.53125,0.4609375,0.334375,0.6125,0.828125,0.8140625,0.484375,0.184375
21,385,Nayagarh  ,0.2078125,0.43125,0.553125,0.234375,0.459375,0.103125,0.4328125,0.6515625,0.7171875,0.6640625,0.74375,0.1453125
21,386,Khordha ,0.1328125,0.3953125,0.53125,0.0765625,0.1578125,0.115625,0.1125,0.2765625,0.359375,0.309375,0.7640625,0.2875
21,387,Puri,0.0921875,0.675,0.25,0.11875,0.2828125,0.1515625,0.35,0.509375,0.571875,0.5546875,0.6984375,0.3296875
21,388,Ganjam,0.2984375,0.6890625,0.459375,0.54375,0.6609375,0.53125,0.3859375,0.6953125,0.834375,0.734375,0.4265625,0.3453125
21,389,Gajapati,0.6609375,0.23125,0.86875,0.9609375,0.7546875,0.9421875,0.80625,0.9296875,0.8640625,0.7515625,0.078125,0.26875
21,390,Kandhamal,0.640625,0.5015625,0.8671875,0.7796875,0.9140625,0.8953125,0.6390625,0.84375,0.971875,0.921875,0.1671875,0.1625
21,391,Baudh,0.5265625,0.8578125,0.6671875,0.521875,0.8734375,0.8765625,0.8515625,0.884375,0.8828125,0.6953125,0.125,0.1125
21,392,Subarnapur,0.3515625,0.9015625,0.6125,0.4234375,0.69375,0.6875,0.809375,0.890625,0.846875,0.6875,0.2328125,0.090625
21,393,Balangir,0.440625,0.609375,0.74375,0.759375,0.81875,0.5734375,0.646875,0.834375,0.8921875,0.8359375,0.3703125,0.06875
21,394,Nuapada,0.5890625,0.40625,0.8109375,0.9234375,0.9296875,0.9203125,0.915625,0.9,0.953125,0.8484375,0.1078125,0.0765625
21,395,Kalahandi,0.5390625,0.6203125,0.7921875,0.896875,0.921875,0.775,0.865625,0.978125,0.9484375,0.84375,0.19375,0.0484375
21,396,Rayagada  ,0.69375,0.4390625,0.8796875,0.978125,0.796875,0.8640625,0.8078125,0.9390625,0.965625,0.7484375,0.1734375,0.171875
21,397,Nabarangapur ,0.8453125,0.4453125,0.8765625,0.99375,0.765625,0.9,0.9515625,0.9484375,0.978125,0.85625,0.109375,0.2546875
21,398,Koraput,0.7734375,0.434375,0.8609375,0.9828125,0.7859375,0.9109375,0.740625,0.7796875,0.875,0.7140625,0.0984375,0.1
21,399,Malkangiri  ,0.8921875,0.828125,0.884375,0.990625,0.721875,0.9296875,0.9640625,0.640625,0.86875,0.71875,0.0859375,0.2453125
22,400,Koriya,0.59375,0.275,0.85,0.5671875,0.65625,0.74375,0.6703125,0.58125,0.884375,0.8890625,0.25,0.1875
22,401,Surguja,0.7546875,0.1828125,0.8703125,0.878125,0.625,0.89375,0.9828125,0.8328125,0.921875,0.853125,0.1453125,0.265625
22,402,Jashpur ,0.5765625,0.2046875,0.8921875,0.6671875,0.590625,0.9828125,0.99375,0.7546875,0.8359375,0.9171875,0.0125,0.228125
22,403,Raigarh,0.428125,0.46875,0.8125,0.453125,0.7078125,0.684375,0.859375,0.865625,0.6328125,0.60625,0.275,0.0953125
22,404,Korba ,0.5625,0.3140625,0.8375,0.4890625,0.7125,0.6,0.54375,0.796875,0.7109375,0.56875,0.3890625,0.1921875
22,405,Janjgir - Champa,0.509375,0.8734375,0.64375,0.4640625,0.8671875,0.9359375,0.925,0.8765625,0.9078125,0.9484375,0.0484375,0.2359375
22,406,Bilaspur,0.6875,0.746875,0.7296875,0.559375,0.79375,0.7390625,0.703125,0.878125,0.6703125,0.6828125,0.309375,0.234375
22,407,Kabeerdham,0.859375,0.45,0.7375,0.8671875,0.9,0.9328125,0.996875,0.85,0.390625,0.3078125,0.1390625,0.3203125
22,408,Rajnandgaon,0.4875,0.3109375,0.771875,0.3671875,0.5890625,0.94375,0.8921875,0.66875,0.5140625,0.525,0.05,0.4375
22,409,Durg,0.4046875,0.4203125,0.653125,0.2765625,0.5421875,0.6703125,0.5296875,0.6890625,0.325,0.328125,0.328125,0.40625
22,410,Raipur,0.5734375,0.6046875,0.646875,0.3890625,0.640625,0.621875,0.49375,0.7453125,0.5984375,0.4734375,0.3859375,0.35625
22,411,Mahasamund,0.421875,0.4125,0.7765625,0.546875,0.790625,0.8015625,0.971875,0.9640625,0.684375,0.5203125,0.1703125,0.1171875
22,412,Dhamtari ,0.3875,0.24375,0.76875,0.296875,0.5875,0.90625,0.8875,0.8359375,0.246875,0.3640625,0.0921875,0.359375
22,413,Uttar Bastar Kanker,0.4671875,0.165625,0.8734375,0.5828125,0.6359375,0.934375,0.96875,0.61875,0.5609375,0.49375,0.053125,0.34375
22,414,Bastar,0.6921875,0.1265625,0.9,0.953125,0.7140625,0.9265625,0.884375,0.7328125,0.9109375,0.875,0.065625,0.2796875
22,415,Narayanpur,0.8125,0.1421875,0.928125,0.9890625,0.5359375,0.95,0.9421875,0.3734375,0.8515625,0.7921875,0.08125,0.55625
22,416,Dakshin Bastar Dantewada,0.6328125,0.121875,0.9265625,0.996875,0.634375,0.975,0.94375,0.4734375,0.7578125,0.5453125,0.0296875,0.2265625
22,417,Bijapur,0.80625,0.153125,0.93125,0.9984375,0.6296875,0.9765625,0.990625,0.6796875,0.940625,0.7421875,0.0453125,0.35
23,418,Sheopur ,0.8328125,0.5,0.759375,0.921875,0.91875,0.51875,0.9125,0.7734375,0.625,0.4765625,0.546875,0.3765625
23,419,Morena,0.7,0.7796875,0.321875,0.5453125,0.9375,0.221875,0.609375,0.415625,0.43125,0.3921875,0.7921875,0.7703125
23,420,Bhind,0.6015625,0.8046875,0.2484375,0.4015625,0.8140625,0.0140625,0.8171875,0.5703125,0.3109375,0.3015625,0.953125,0.8359375
23,421,Gwalior,0.403125,0.6796875,0.4671875,0.3453125,0.5296875,0.1390625,0.178125,0.3296875,0.2953125,0.3265625,0.8234375,0.7375
23,422,Datia,0.521875,0.8984375,0.3953125,0.4796875,0.909375,0.44375,0.8546875,0.55,0.4359375,0.3375,0.515625,0.49375
23,423,Shivpuri,0.7984375,0.64375,0.6765625,0.8265625,0.934375,0.6671875,0.9046875,0.5484375,0.459375,0.3515625,0.359375,0.4203125
23,424,Tikamgarh,0.715625,0.8875,0.521875,0.8515625,0.7921875,0.728125,0.9265625,0.6390625,0.5921875,0.40625,0.3,0.4734375
23,425,Chhatarpur,0.746875,0.8390625,0.5,0.7953125,0.6109375,0.6234375,0.746875,0.596875,0.5453125,0.4859375,0.415625,0.528125
23,426,Panna,0.7515625,0.73125,0.715625,0.7578125,0.65,0.6109375,0.8671875,0.8515625,0.7625,0.7953125,0.4296875,0.2390625
23,427,Sagar,0.65,0.765625,0.609375,0.3484375,0.553125,0.5234375,0.4078125,0.6921875,0.4234375,0.375,0.44375,0.309375
23,428,Damoh,0.6703125,0.6875,0.6734375,0.5984375,0.678125,0.6609375,0.5234375,0.80625,0.696875,0.6328125,0.296875,0.1578125
23,429,Satna,0.6265625,0.6125,0.6953125,0.496875,0.603125,0.55625,0.578125,0.75625,0.7125,0.659375,0.5109375,0.346875
23,430,Rewa,0.63125,0.5203125,0.675,0.5203125,0.6890625,0.628125,0.775,0.8625,0.771875,0.73125,0.45625,0.2703125
23,431,Umaria,0.7453125,0.2859375,0.8515625,0.73125,0.7203125,0.715625,0.7765625,0.9140625,0.9703125,0.9625,0.3203125,0.2421875
23,432,Neemuch ,0.4171875,0.4046875,0.6015625,0.5578125,0.953125,0.88125,0.8140625,0.6109375,0.175,0.1953125,0.084375,0.3125
23,433,Mandsaur,0.459375,0.6390625,0.4296875,0.515625,0.9625,0.8828125,0.921875,0.7265625,0.384375,0.271875,0.0828125,0.3578125
23,434,Ratlam,0.6515625,0.41875,0.7875,0.70625,0.7875,0.7875,0.8375,0.81875,0.6875,0.4609375,0.2125,0.4921875
23,435,Ujjain,0.490625,0.9078125,0.4265625,0.490625,0.846875,0.64375,0.5796875,0.6296875,0.4640625,0.4265625,0.3109375,0.6109375
23,436,Shajapur,0.584375,0.846875,0.43125,0.6265625,0.93125,0.7890625,0.95625,0.784375,0.61875,0.4625,0.215625,0.584375
23,437,Dewas,0.609375,0.6484375,0.7171875,0.609375,0.834375,0.76875,0.85625,0.7765625,0.609375,0.6609375,0.2109375,0.5984375
23,438,Dhar,0.7921875,0.228125,0.878125,0.9,0.6859375,0.8171875,0.9140625,0.7953125,0.45625,0.334375,0.23125,0.65625
23,439,Indore,0.4,0.5453125,0.5671875,0.2265625,0.3140625,0.33125,0.1140625,0.2734375,0.0734375,0.08125,0.61875,0.5875
23,440,Khargone (West Nimar),0.7421875,0.328125,0.834375,0.8234375,0.6078125,0.8296875,0.946875,0.8828125,0.20625,0.2015625,0.190625,0.6234375
23,441,Barwani ,0.9546875,0.21875,0.9078125,0.984375,0.31875,0.8546875,0.978125,0.7578125,0.3421875,0.246875,0.221875,0.8390625
23,442,Rajgarh,0.653125,0.6734375,0.4640625,0.859375,0.890625,0.85,0.9609375,0.821875,0.775,0.628125,0.1765625,0.2609375
23,443,Vidisha,0.7578125,0.7109375,0.51875,0.5703125,0.56875,0.340625,0.7546875,0.7703125,0.5828125,0.653125,0.6484375,0.4625
23,444,Bhopal,0.3984375,0.4703125,0.4484375,0.2375,0.165625,0.296875,0.084375,0.2359375,0.303125,0.2859375,0.7,0.3859375
23,445,Sehore,0.6625,0.7421875,0.6375,0.590625,0.828125,0.6921875,0.7859375,0.7203125,0.7734375,0.8125,0.3328125,0.6328125
23,446,Raisen,0.7078125,0.56875,0.70625,0.465625,0.490625,0.3765625,0.7109375,0.8140625,0.603125,0.6390625,0.6125,0.409375
23,447,Betul,0.4703125,0.309375,0.840625,0.634375,0.43125,0.884375,0.871875,0.8375,0.7515625,0.7984375,0.1109375,0.4109375
23,448,Harda ,0.6171875,0.521875,0.784375,0.4859375,0.5546875,0.465625,0.7921875,0.8078125,0.6171875,0.690625,0.534375,0.575
23,449,Hoshangabad,0.4609375,0.5375,0.709375,0.3984375,0.5078125,0.3578125,0.5,0.703125,0.4734375,0.5265625,0.6234375,0.4390625
23,450,Katni ,0.6421875,0.3515625,0.7625,0.509375,0.6921875,0.584375,0.4875,0.76875,0.859375,0.8609375,0.4484375,0.253125
23,451,Jabalpur,0.31875,0.4296875,0.703125,0.221875,0.303125,0.4234375,0.2015625,0.5375,0.5328125,0.53125,0.5140625,0.296875
23,452,Narsimhapur,0.4265625,0.5578125,0.678125,0.3828125,0.4921875,0.54375,0.8734375,0.95,0.4921875,0.4,0.36875,0.20625
23,453,Dindori ,0.7328125,0.2015625,0.896875,0.784375,0.85625,0.9859375,0.9953125,0.896875,0.759375,0.8,0.0234375,0.115625
23,454,Mandla,0.5578125,0.178125,0.8859375,0.7015625,0.7515625,0.9703125,0.9734375,0.9703125,0.8609375,0.7875,0.0359375,0.146875
23,455,Chhindwara,0.4234375,0.3265625,0.8265625,0.5390625,0.4484375,0.721875,0.796875,0.815625,0.63125,0.6,0.2828125,0.378125
23,456,Seoni,0.4390625,0.3015625,0.83125,0.5046875,0.503125,0.86875,0.9203125,0.9609375,0.8625,0.784375,0.1296875,0.2140625
23,457,Balaghat,0.3703125,0.246875,0.7546875,0.3390625,0.471875,0.946875,0.91875,0.9265625,0.8453125,0.759375,0.046875,0.2015625
23,458,Guna,0.8109375,0.4921875,0.7046875,0.809375,0.8453125,0.565625,0.83125,0.6375,0.671875,0.5703125,0.478125,0.615625
23,459,Ashoknagar,0.7859375,0.753125,0.6234375,0.721875,0.9046875,0.3296875,0.8359375,0.721875,0.4453125,0.459375,0.6640625,0.484375
23,460,Shahdol,0.6484375,0.2765625,0.8453125,0.7125,0.61875,0.7578125,0.75,0.9359375,0.9640625,0.871875,0.26875,0.15625
23,461,Anuppur,0.55,0.3078125,0.8546875,0.6703125,0.734375,0.746875,0.715625,0.69375,0.7390625,0.753125,0.2703125,0.21875
23,462,Sidhi,0.8609375,0.3375,0.7828125,0.771875,0.6953125,0.6078125,0.8890625,0.96875,0.8421875,0.83125,0.5078125,0.3875
23,463,Singrauli,0.89375,0.378125,0.809375,0.871875,0.8515625,0.66875,0.8265625,0.8421875,0.6421875,0.4328125,0.4359375,0.440625
23,464,Jhabua,0.99375,0.109375,0.9453125,0.9953125,0.615625,0.9671875,0.9890625,0.43125,0.5875,0.6171875,0.1,0.728125
23,465,Alirajpur,0.9828125,0.1484375,0.9578125,1.0,0.2234375,0.9640625,1.0,0.39375,0.58125,0.5609375,0.09375,0.8734375
23,466,Khandwa (East Nimar),0.734375,0.3453125,0.8171875,0.7234375,0.696875,0.7640625,0.9,0.9109375,0.346875,0.2953125,0.2375,0.496875
23,467,Burhanpur,0.7640625,0.278125,0.796875,0.775,0.403125,0.5953125,0.6421875,0.88125,0.2296875,0.1453125,0.38125,0.6859375
24,468,Kachchh,0.6765625,0.3609375,0.346875,0.56875,0.578125,0.1625,0.184375,0.4640625,0.096875,0.1390625,0.675,0.3671875
24,469,Banas Kantha,0.7765625,0.31875,0.6078125,0.7421875,0.940625,0.4734375,0.5921875,0.534375,0.309375,0.1046875,0.5609375,0.8046875
24,470,Patan  ,0.5046875,0.290625,0.33125,0.4953125,0.7953125,0.4484375,0.5734375,0.7625,0.340625,0.1703125,0.4921875,0.56875
24,471,Mahesana,0.2859375,0.265625,0.2640625,0.1546875,0.45625,0.3671875,0.3375,0.5609375,0.1609375,0.0578125,0.575,0.41875
24,472,Sabar Kantha,0.5546875,0.2578125,0.753125,0.3765625,0.7828125,0.6515625,0.553125,0.578125,0.5625,0.3453125,0.334375,0.5890625
24,473,Gandhinagar,0.3171875,0.2625,0.36875,0.1328125,0.4671875,0.2765625,0.2296875,0.471875,0.2125,0.1125,0.6265625,0.421875
24,474,Ahmadabad,0.28125,0.3203125,0.35625,0.103125,0.209375,0.11875,0.0640625,0.2078125,0.06875,0.0453125,0.725,0.4125
24,475,Surendranagar,0.49375,0.3125,0.3546875,0.503125,0.71875,0.4390625,0.5140625,0.6875,0.3125,0.21875,0.503125,0.646875
24,476,Rajkot,0.2625,0.253125,0.2859375,0.225,0.2875,0.240625,0.1921875,0.2703125,0.075,0.0625,0.6140625,0.446875
24,477,Jamnagar,0.340625,0.2671875,0.3453125,0.44375,0.4640625,0.2859375,0.284375,0.3265625,0.190625,0.1265625,0.5953125,0.5640625
24,478,Porbandar ,0.2359375,0.284375,0.41875,0.3796875,0.4328125,0.309375,0.3,0.40625,0.209375,0.171875,0.5890625,0.3703125
24,479,Junagadh,0.2515625,0.30625,0.4015625,0.375,0.5375,0.3984375,0.4984375,0.55625,0.2234375,0.19375,0.509375,0.7015625
24,480,Amreli,0.25625,0.28125,0.2671875,0.4328125,0.4609375,0.478125,0.615625,0.6,0.334375,0.2890625,0.378125,0.6578125
24,481,Bhavnagar,0.4578125,0.1984375,0.2375,0.3921875,0.5734375,0.3609375,0.29375,0.546875,0.15625,0.0921875,0.56875,0.7546875
24,482,Anand  ,0.334375,0.1859375,0.35,0.1296875,0.4140625,0.3421875,0.4296875,0.7640625,0.2984375,0.125,0.5453125,0.4859375
24,483,Kheda,0.384375,0.1875,0.3875,0.1828125,0.5515625,0.371875,0.540625,0.7140625,0.425,0.146875,0.5296875,0.5109375
24,484,Panch Mahals,0.6671875,0.1640625,0.7953125,0.5484375,0.878125,0.71875,0.834375,0.64375,0.7921875,0.3,0.28125,0.7578125
24,485,Dohad  ,0.965625,0.1125,0.9234375,0.9046875,0.8203125,0.8921875,0.9625,0.8109375,0.9015625,0.51875,0.234375,0.95
24,486,Vadodara,0.3140625,0.19375,0.7796875,0.2828125,0.321875,0.36875,0.325,0.6328125,0.3453125,0.1625,0.525,0.396875
24,487,Narmada,0.45625,0.1078125,0.9375,0.49375,0.5609375,0.846875,0.9796875,0.99375,0.734375,0.3203125,0.1140625,0.4421875
24,488,Bharuch,0.265625,0.1578125,0.803125,0.2109375,0.2609375,0.3359375,0.33125,0.7515625,0.221875,0.175,0.5390625,0.340625
24,489,The Dangs,0.896875,0.1,0.971875,0.4046875,0.4265625,0.978125,0.9984375,0.6421875,0.5171875,0.2328125,0.05625,0.640625
24,490,Navsari  ,0.090625,0.125,0.8578125,0.1453125,0.1515625,0.509375,0.3453125,0.65,0.1578125,0.09375,0.34375,0.271875
24,491,Valsad,0.378125,0.11875,0.865625,0.2921875,0.2765625,0.4890625,0.2359375,0.478125,0.4125,0.33125,0.3765625,0.3609375
24,492,Surat,0.325,0.1234375,0.6890625,0.0984375,0.134375,0.1703125,0.06875,0.2453125,0.015625,0.003125,0.453125,0.2921875
24,493,Tapi,0.2,0.103125,0.9421875,0.653125,0.3609375,0.9734375,0.9109375,0.9671875,0.5015625,0.2046875,0.0203125,0.2890625
25,494,Diu,0.3609375,0.14375,0.221875,0.1578125,0.4,0.0328125,0.0328125,0.0328125,0.025,0.04375,0.9609375,0.503125
25,495,Daman,0.153125,0.1171875,0.590625,0.059375,0.1671875,0.2140625,0.0265625,0.009375,0.0015625,0.034375,0.025,0.028125
26,496,Dadra & Nagar Haveli,0.6203125,0.1109375,0.8640625,0.35625,0.725,0.421875,0.128125,0.2328125,0.253125,0.24375,0.2859375,0.2671875
27,497,Nandurbar,0.6,0.1296875,0.90625,0.7734375,0.4296875,0.8796875,0.95,0.9625,0.225,0.109375,0.1796875,0.6296875
27,498,Dhule,0.465625,0.2125,0.8046875,0.4734375,0.340625,0.7234375,0.7328125,0.8453125,0.109375,0.090625,0.290625,0.5671875
27,499,Jalgaon,0.3765625,0.2921875,0.69375,0.3,0.384375,0.6390625,0.7140625,0.9125,0.10625,0.1015625,0.3546875,0.3625
27,500,Buldana,0.3953125,0.6234375,0.525,0.1625,0.3734375,0.784375,0.9328125,0.9046875,0.0578125,0.046875,0.2234375,0.315625
27,501,Akola,0.2765625,0.7140625,0.540625,0.0609375,0.125,0.5046875,0.621875,0.9171875,0.065625,0.0828125,0.440625,0.30625
27,502,Washim,0.3859375,0.6765625,0.56875,0.165625,0.396875,0.8,0.9703125,0.9546875,0.1015625,0.0671875,0.2015625,0.3234375
27,503,Amravati,0.165625,0.5859375,0.6859375,0.06875,0.1015625,0.5109375,0.690625,0.9515625,0.1640625,0.2,0.40625,0.2515625
27,504,Wardha,0.0671875,0.44375,0.6421875,0.0734375,0.1546875,0.6546875,0.64375,0.8578125,0.134375,0.184375,0.2390625,0.1328125
27,505,Nagpur,0.15,0.6453125,0.6140625,0.053125,0.0765625,0.3828125,0.159375,0.4359375,0.0921875,0.1171875,0.5546875,0.25625
27,506,Bhandara,0.121875,0.553125,0.578125,0.15,0.3171875,0.8671875,0.778125,0.93125,0.65625,0.4796875,0.1234375,0.196875
27,507,Gondiya,0.1421875,0.4,0.7109375,0.1125,0.3546875,0.875,0.696875,0.7859375,0.74375,0.584375,0.0953125,0.275
27,508,Gadchiroli,0.2265625,0.3328125,0.8328125,0.4265625,0.4515625,0.971875,0.93125,0.7921875,0.709375,0.5359375,0.0265625,0.178125
27,509,Chandrapur,0.1203125,0.5046875,0.71875,0.2453125,0.35,0.753125,0.5765625,0.828125,0.4625,0.3859375,0.18125,0.1078125
27,510,Yavatmal,0.3015625,0.3421875,0.728125,0.1765625,0.3265625,0.8078125,0.89375,0.95625,0.1125,0.0984375,0.1484375,0.1796875
27,511,Nanded,0.4953125,0.66875,0.5984375,0.396875,0.5625,0.6796875,0.7625,0.7875,0.1078125,0.0640625,0.3453125,0.59375
27,512,Hingoli,0.5375,0.490625,0.6171875,0.3015625,0.559375,0.8484375,0.953125,0.734375,0.0640625,0.0421875,0.16875,0.6625
27,513,Parbhani,0.525,0.409375,0.415625,0.4515625,0.60625,0.709375,0.8109375,0.715625,0.046875,0.0328125,0.3234375,0.621875
27,514,Jalna,0.6109375,0.4265625,0.4109375,0.5296875,0.715625,0.825,0.8625,0.60625,0.059375,0.06875,0.209375,0.5578125
27,515,Aurangabad,0.58125,0.4515625,0.4859375,0.2796875,0.528125,0.59375,0.4578125,0.490625,0.0484375,0.0875,0.425,0.5046875
27,516,Nashik,0.4828125,0.2875,0.765625,0.190625,0.2453125,0.6640625,0.478125,0.5109375,0.053125,0.059375,0.30625,0.5515625
27,517,Thane,0.315625,0.2265625,0.684375,0.125,0.128125,0.346875,0.0703125,0.1875,0.1234375,0.1359375,0.5265625,0.2109375
27,518,Mumbai Suburban,0.071875,0.2140625,0.34375,0.0359375,0.05,0.253125,0.0140625,0.015625,0.01875,0.028125,0.5734375,0.2375
27,519,Mumbai,0.0125,0.240625,0.315625,0.0421875,0.0390625,0.2703125,0.0109375,0.0078125,0.0171875,0.01875,0.471875,0.303125
27,520,Raigarh,0.2546875,0.1890625,0.6453125,0.1703125,0.25,0.4078125,0.18125,0.3375,0.35625,0.34375,0.521875,0.190625
27,521,Pune,0.2875,0.36875,0.4734375,0.0890625,0.1453125,0.484375,0.146875,0.20625,0.0328125,0.0375,0.4,0.215625
27,522,Ahmadnagar,0.346875,0.371875,0.596875,0.278125,0.4453125,0.834375,0.728125,0.49375,0.034375,0.040625,0.1640625,0.4796875
27,523,Bid,0.4890625,0.415625,0.3625,0.3421875,0.546875,0.8734375,0.878125,0.5578125,0.0453125,0.053125,0.159375,0.434375
27,524,Latur,0.409375,0.696875,0.421875,0.33125,0.378125,0.603125,0.7359375,0.7359375,0.0390625,0.0265625,0.4171875,0.63125
27,525,Osmanabad,0.36875,0.5125,0.4140625,0.29375,0.4078125,0.7484375,0.8609375,0.71875,0.0609375,0.0515625,0.24375,0.38125
27,526,Solapur,0.365625,0.4671875,0.3890625,0.340625,0.48125,0.63125,0.509375,0.553125,0.0296875,0.03125,0.3609375,0.5265625
27,527,Satara,0.1390625,0.325,0.3296875,0.1734375,0.3078125,0.6578125,0.5640625,0.4171875,0.1265625,0.1734375,0.3125,0.3109375
27,528,Ratnagiri,0.0375,0.1625,0.3609375,0.196875,0.475,0.7078125,0.5125,0.4109375,0.4109375,0.6046875,0.3515625,0.096875
27,529,Sindhudurg,0.0046875,0.225,0.31875,0.096875,0.228125,0.4703125,0.4359375,0.4609375,0.7421875,0.80625,0.5125,0.0921875
27,530,Kolhapur,0.134375,0.384375,0.30625,0.2125,0.3640625,0.571875,0.353125,0.3015625,0.09375,0.1140625,0.3625,0.321875
27,531,Sangli,0.171875,0.3671875,0.2890625,0.2140625,0.3359375,0.553125,0.521875,0.4671875,0.0984375,0.1296875,0.3984375,0.3796875
28,532,Adilabad,0.2390625,0.60625,0.7203125,0.865625,0.6421875,0.8515625,0.5375,0.6734375,0.328125,0.2421875,0.171875,0.1484375
28,533,Nizamabad,0.2046875,0.446875,0.58125,0.8578125,0.665625,0.9171875,0.403125,0.659375,0.228125,0.240625,0.1328125,0.1890625
28,534,Karimnagar,0.0140625,0.6515625,0.446875,0.778125,0.596875,0.903125,0.4375,0.74375,0.2046875,0.190625,0.128125,0.040625
28,535,Medak,0.3296875,0.5984375,0.5421875,0.853125,0.68125,0.8125,0.5359375,0.73125,0.2546875,0.2765625,0.2078125,0.28125
28,536,Hyderabad,0.296875,0.215625,0.359375,0.1671875,0.0796875,0.28125,0.0296875,0.0296875,0.41875,0.10625,0.7359375,0.3359375
28,537,Rangareddy,0.3109375,0.3578125,0.4953125,0.3703125,0.290625,0.471875,0.1203125,0.3046875,0.2375,0.11875,0.4796875,0.1828125
28,538,Mahbubnagar,0.41875,0.5828125,0.60625,0.95,0.709375,0.9484375,0.7515625,0.8265625,0.1296875,0.0703125,0.0671875,0.3515625
28,539,Nalgonda,0.146875,0.6265625,0.640625,0.7765625,0.6625,0.9125,0.640625,0.90625,0.16875,0.1515625,0.1171875,0.0703125
28,540,Warangal,0.0484375,0.5890625,0.7015625,0.75,0.6015625,0.8703125,0.6359375,0.8234375,0.2078125,0.128125,0.1609375,0.059375
28,541,Khammam,0.0828125,0.540625,0.778125,0.75625,0.3875,0.8890625,0.78125,0.9734375,0.1546875,0.134375,0.090625,0.0171875
28,542,Srikakulam,0.1109375,0.3,0.5546875,0.8375,0.6453125,0.7734375,0.6140625,0.953125,0.5703125,0.5,0.1921875,0.0625
28,543,Vizianagaram,0.1015625,0.321875,0.628125,0.903125,0.5671875,0.8203125,0.5984375,0.8859375,0.26875,0.234375,0.134375,0.071875
28,544,Visakhapatnam,0.128125,0.2546875,0.696875,0.7,0.4046875,0.5640625,0.26875,0.5765625,0.39375,0.346875,0.3578125,0.046875
28,545,East Godavari,0.084375,0.628125,0.496875,0.55,0.0609375,0.334375,0.4734375,0.9453125,0.240625,0.275,0.528125,0.00625
28,546,West Godavari,0.05,0.7375,0.4421875,0.4171875,0.053125,0.528125,0.6515625,0.98125,0.146875,0.2171875,0.3140625,0.0046875
28,547,Krishna,0.0421875,0.678125,0.45,0.440625,0.1328125,0.6046875,0.38125,0.903125,0.1875,0.153125,0.2984375,0.0125
28,548,Guntur,0.0859375,0.69375,0.5296875,0.6859375,0.375,0.7671875,0.5453125,0.928125,0.1,0.075,0.153125,0.021875
28,549,Prakasam,0.215625,0.8421875,0.5109375,0.81875,0.6578125,0.8625,0.6546875,0.9328125,0.159375,0.103125,0.10625,0.0546875
28,550,Sri Potti Sriramulu Nellore,0.1,0.8265625,0.621875,0.6359375,0.34375,0.5796875,0.4515625,0.8796875,0.284375,0.253125,0.3484375,0.03125
28,551,Y.S.R.,0.2578125,0.5171875,0.4375,0.690625,0.740625,0.6734375,0.4390625,0.765625,0.2890625,0.2640625,0.284375,0.0984375
28,552,Kurnool,0.3671875,0.621875,0.403125,0.88125,0.690625,0.8859375,0.596875,0.9234375,0.14375,0.0765625,0.1046875,0.2953125
28,553,Anantapur,0.184375,0.4359375,0.4796875,0.8015625,0.609375,0.8328125,0.525,0.803125,0.2609375,0.1640625,0.11875,0.14375
28,554,Chittoor,0.14375,0.6546875,0.4828125,0.528125,0.4875,0.6828125,0.471875,0.7171875,0.1515625,0.1671875,0.2609375,0.078125
29,555,Belgaum,0.4375,0.353125,0.5578125,0.4453125,0.54375,0.5875,0.55625,0.5859375,0.265625,0.2203125,0.35625,0.45625
29,556,Bagalkot ,0.5796875,0.5609375,0.534375,0.640625,0.7234375,0.6203125,0.465625,0.68125,0.2578125,0.140625,0.3828125,0.7140625
29,557,Bijapur,0.6046875,0.7265625,0.390625,0.6953125,0.7109375,0.615625,0.590625,0.6984375,0.2828125,0.1984375,0.4203125,0.746875
29,558,Bidar,0.4453125,0.853125,0.68125,0.571875,0.5390625,0.5328125,0.45,0.7390625,0.3875,0.2484375,0.4984375,0.74375
29,559,Raichur,0.6125,0.75,0.734375,0.8875,0.7796875,0.778125,0.6796875,0.79375,0.34375,0.2140625,0.2359375,0.740625
29,560,Koppal,0.590625,0.640625,0.65,0.6609375,0.7375,0.7765625,0.6015625,0.775,0.415625,0.2703125,0.2265625,0.7203125
29,561,Gadag,0.3640625,0.528125,0.5453125,0.4078125,0.6265625,0.6859375,0.5890625,0.75,0.1828125,0.0890625,0.2515625,0.4578125
29,562,Dharwad,0.3,0.3046875,0.5234375,0.2484375,0.3015625,0.4515625,0.265625,0.5140625,0.1140625,0.1375,0.43125,0.4359375
29,563,Uttara Kannada,0.1140625,0.26875,0.425,0.1359375,0.2,0.41875,0.1875,0.3640625,0.2859375,0.415625,0.4421875,0.2328125
29,564,Haveri,0.3421875,0.4234375,0.6046875,0.3265625,0.3296875,0.575,0.6984375,0.7984375,0.2625,0.1109375,0.2875,0.4453125
29,565,Bellary,0.5328125,0.7671875,0.7234375,0.684375,0.5796875,0.65,0.434375,0.6703125,0.1375,0.0734375,0.2953125,0.565625
29,566,Chitradurga,0.2109375,0.8515625,0.721875,0.4421875,0.4171875,0.853125,0.6328125,0.646875,0.4046875,0.3046875,0.0578125,0.3375
29,567,Davanagere,0.2234375,0.7203125,0.6546875,0.38125,0.328125,0.5625,0.453125,0.6359375,0.3296875,0.2359375,0.315625,0.39375
29,568,Shimoga,0.1125,0.590625,0.475,0.2328125,0.196875,0.50625,0.40625,0.5953125,0.2328125,0.2125,0.340625,0.19375
29,569,Udupi,0.009375,0.2203125,0.515625,0.0859375,0.15,0.525,0.10625,0.2390625,0.0765625,0.05,0.375,0.3421875
29,570,Chikmagalur,0.0234375,0.8171875,0.4890625,0.2703125,0.253125,0.7171875,0.3015625,0.4296875,0.2,0.13125,0.1265625,0.1109375
29,571,Tumkur,0.0703125,0.6625,0.584375,0.40625,0.4109375,0.7859375,0.51875,0.503125,0.365625,0.209375,0.0890625,0.1265625
29,572,Bangalore,0.1875,0.3625,0.3984375,0.0640625,0.0625,0.40625,0.03125,0.040625,0.05625,0.021875,0.353125,0.0796875
29,573,Mandya,0.0328125,0.45625,0.3578125,0.578125,0.4359375,0.6296875,0.6734375,0.4828125,0.28125,0.20625,0.175,0.140625
29,574,Hassan,0.028125,0.6828125,0.3921875,0.3609375,0.3953125,0.7703125,0.603125,0.35,0.2453125,0.1421875,0.0796875,0.1015625
29,575,Dakshina Kannada,0.075,0.2375,0.4875,0.0515625,0.1296875,0.6984375,0.0359375,0.059375,0.0515625,0.0796875,0.1890625,0.4
29,576,Kodagu,0.0609375,0.3984375,0.6328125,0.1859375,0.13125,0.759375,0.0546875,0.109375,0.03125,0.0609375,0.096875,0.0421875
29,577,Mysore,0.09375,0.6109375,0.6390625,0.475,0.2109375,0.446875,0.3078125,0.4625,0.2671875,0.225,0.3671875,0.1734375
29,578,Chamarajanagar,0.0578125,0.896875,0.6484375,0.85,0.30625,0.58125,0.634375,0.825,0.378125,0.2453125,0.2203125,0.1203125
29,579,Gulbarga,0.55625,0.89375,0.4328125,0.753125,0.628125,0.60625,0.421875,0.70625,0.4140625,0.259375,0.4390625,0.778125
29,580,Yadgir,0.7625,0.84375,0.6640625,0.9734375,0.7265625,0.7953125,0.7484375,0.8015625,0.3609375,0.1765625,0.2484375,0.8625
29,581,Kolar,0.20625,0.9546875,0.5328125,0.425,0.390625,0.675,0.3390625,0.5328125,0.3015625,0.228125,0.240625,0.31875
29,582,Chikkaballapura,0.1296875,0.884375,0.6625,0.59375,0.465625,0.8375,0.571875,0.6078125,0.23125,0.1890625,0.075,0.221875
29,583,Bangalore Rural,0.1703125,0.7890625,0.5359375,0.315625,0.3578125,0.5578125,0.25625,0.346875,0.203125,0.1875,0.2578125,0.2
29,584,Ramanagara,0.0734375,0.65625,0.4046875,0.6203125,0.40625,0.68125,0.4203125,0.36875,0.153125,0.159375,0.1421875,0.11875
30,585,North Goa,0.0296875,0.115625,0.571875,0.0375,0.0875,0.353125,0.040625,0.0875,0.275,0.353125,0.5578125,0.165625
30,586,South Goa,0.115625,0.1046875,0.6984375,0.065625,0.0984375,0.3484375,0.05,0.10625,0.25625,0.384375,0.6109375,0.15
31,587,Lakshadweep,0.234375,0.025,0.9734375,0.0265625,0.078125,0.0421875,0.0015625,0.0015625,0.8703125,0.9671875,0.984375,0.80625
32,588,Kasaragod,0.3046875,0.159375,0.4765625,0.0328125,0.075,0.31875,0.05625,0.16875,0.3375,0.4203125,0.7546875,0.4140625
32,589,Kannur,0.1734375,0.1359375,0.38125,0.0140625,0.0296875,0.19375,0.059375,0.2,0.2140625,0.296875,0.8703125,0.284375
32,590,Wayanad,0.2375,0.15625,0.7265625,0.0453125,0.0578125,0.4625,0.246875,0.559375,0.421875,0.5875,0.4734375,0.175
32,591,Kozhikode,0.175,0.2234375,0.26875,0.015625,0.034375,0.08125,0.0421875,0.1421875,0.371875,0.5921875,0.9484375,0.2296875
32,592,Malappuram,0.5171875,0.25,0.2796875,0.0203125,0.03125,0.00625,0.0671875,0.225,0.3515625,0.3984375,1.0,0.6875
32,593,Palakkad,0.159375,0.4375,0.3859375,0.040625,0.0703125,0.3234375,0.134375,0.46875,0.2203125,0.2375,0.6765625,0.2234375
32,594,Thrissur,0.053125,0.315625,0.2296875,0.0171875,0.0234375,0.2671875,0.046875,0.1390625,0.2015625,0.2875,0.7671875,0.109375
32,595,Ernakulam,0.025,0.2734375,0.271875,0.0109375,0.0203125,0.3109375,0.04375,0.1171875,0.19375,0.2828125,0.6375,0.0890625
32,596,Idukki ,0.03125,0.3921875,0.528125,0.025,0.040625,0.634375,0.271875,0.5390625,0.3328125,0.4046875,0.253125,0.0578125
32,597,Kottayam,0.0109375,0.259375,0.3421875,0.00625,0.0125,0.321875,0.0625,0.1703125,0.2796875,0.3609375,0.66875,0.09375
32,598,Alappuzha,0.01875,0.2984375,0.23125,0.0125,0.021875,0.3953125,0.0515625,0.1796875,0.528125,0.5828125,0.6453125,0.0640625
32,599,Pathanamthitta,0.003125,0.421875,0.2953125,0.0078125,0.0140625,0.2390625,0.1078125,0.2640625,0.5078125,0.5421875,0.8671875,0.01875
32,600,Kollam,0.040625,0.3640625,0.25625,0.01875,0.0265625,0.2890625,0.065625,0.203125,0.453125,0.471875,0.7875,0.0515625
32,601,Thiruvananthapuram,0.0265625,0.334375,0.3140625,0.0234375,0.028125,0.3375,0.0484375,0.1515625,0.5046875,0.625,0.6625,0.053125
33,602,Thiruvallur,0.1765625,0.8078125,0.3640625,0.1390625,0.20625,0.38125,0.0953125,0.33125,0.3078125,0.29375,0.496875,0.05
33,603,Chennai,0.0625,0.55625,0.2171875,0.03125,0.065625,0.2921875,0.0203125,0.0234375,0.08125,0.0546875,0.603125,0.08125
33,604,Kancheepuram,0.16875,0.8546875,0.334375,0.1265625,0.178125,0.4109375,0.0921875,0.3125,0.29375,0.26875,0.465625,0.065625
33,605,Vellore,0.19375,0.8,0.39375,0.271875,0.3703125,0.515625,0.1578125,0.45,0.3359375,0.3625,0.4015625,0.1546875
33,606,Tiruvannamalai,0.2015625,0.8375,0.471875,0.434375,0.5484375,0.821875,0.5875,0.790625,0.3953125,0.31875,0.103125,0.128125
33,607,Viluppuram,0.2828125,0.9421875,0.4125,0.5140625,0.534375,0.8046875,0.7046875,0.8953125,0.53125,0.403125,0.1375,0.1984375
33,608,Salem,0.065625,0.546875,0.4625,0.46875,0.3984375,0.7046875,0.2234375,0.51875,0.0375,0.0484375,0.1546875,0.0296875
33,609,Namakkal   ,0.0078125,0.709375,0.4578125,0.415625,0.4578125,0.878125,0.253125,0.540625,0.0265625,0.009375,0.0515625,0.0109375
33,610,Erode,0.00625,0.5296875,0.328125,0.48125,0.434375,0.840625,0.2515625,0.5875,0.028125,0.025,0.034375,0.0015625
33,611,The Nilgiris,0.0203125,0.96875,0.5125,0.1078125,0.2921875,0.725,0.1171875,0.4328125,0.0546875,0.05625,0.203125,0.0203125
33,612,Dindigul,0.08125,0.7625,0.253125,0.3546875,0.44375,0.8265625,0.3984375,0.7890625,0.13125,0.1203125,0.06875,0.0359375
33,613,Karur ,0.04375,0.7515625,0.15,0.3875,0.5453125,0.80625,0.328125,0.678125,0.0234375,0.0234375,0.071875,0.015625
33,614,Tiruchirappalli,0.078125,0.5734375,0.2921875,0.16875,0.3,0.5828125,0.24375,0.5890625,0.0796875,0.096875,0.3359375,0.04375
33,615,Perambalur  ,0.1265625,0.9625,0.2625,0.43125,0.515625,0.9609375,0.88125,0.7296875,0.1890625,0.0953125,0.0375,0.025
33,616,Ariyalur  ,0.1578125,0.8453125,0.375,0.5375,0.6390625,0.7796875,0.84375,0.85625,0.471875,0.43125,0.196875,0.034375
33,617,Cuddalore,0.15625,0.940625,0.28125,0.3078125,0.4390625,0.6125,0.4546875,0.8546875,0.6,0.4890625,0.321875,0.103125
33,618,Nagapattinam  ,0.0953125,0.965625,0.2203125,0.15625,0.2484375,0.4296875,0.4765625,0.925,0.5765625,0.4375,0.475,0.0453125
33,619,Thiruvarur,0.0390625,0.9828125,0.225,0.175,0.2640625,0.45625,0.6265625,0.9578125,0.4484375,0.3140625,0.4109375,0.0375
33,620,Thanjavur,0.06875,0.6609375,0.203125,0.184375,0.28125,0.39375,0.3734375,0.8,0.1703125,0.165625,0.5359375,0.0671875
33,621,Pudukkottai,0.209375,0.5921875,0.1625,0.3375,0.4890625,0.696875,0.6234375,0.7421875,0.2171875,0.2078125,0.228125,0.1234375
33,622,Sivaganga,0.0984375,0.5703125,0.1515625,0.2546875,0.4546875,0.653125,0.359375,0.603125,0.521875,0.3796875,0.2625,0.05625
33,623,Madurai,0.1046875,0.4078125,0.2515625,0.1609375,0.284375,0.55,0.165625,0.5296875,0.140625,0.15625,0.3375,0.0328125
33,624,Theni  ,0.0359375,0.74375,0.2015625,0.3328125,0.421875,0.70625,0.44375,0.940625,0.071875,0.0859375,0.2140625,0.0140625
33,625,Virudhunagar,0.0875,0.734375,0.190625,0.240625,0.39375,0.7546875,0.11875,0.41875,0.0671875,0.1,0.146875,0.009375
33,626,Ramanathapuram,0.109375,0.63125,0.1640625,0.228125,0.3625,0.5921875,0.3515625,0.496875,0.3234375,0.221875,0.3390625,0.125
33,627,Thoothukkudi,0.1234375,0.70625,0.228125,0.0875,0.146875,0.4859375,0.15625,0.5203125,0.11875,0.078125,0.409375,0.0265625
33,628,Tirunelveli ,0.1171875,0.6359375,0.2453125,0.1875,0.315625,0.7109375,0.1671875,0.5125,0.0953125,0.1609375,0.2453125,0.0234375
33,629,Kanniyakumari,0.0546875,0.1546875,0.2546875,0.028125,0.025,0.209375,0.053125,0.2171875,0.3046875,0.3734375,0.7125,0.0390625
33,630,Dharmapuri,0.2171875,0.5234375,0.5015625,0.6453125,0.521875,0.8453125,0.496875,0.6609375,0.1359375,0.196875,0.121875,0.075
33,631,Krishnagiri,0.2671875,0.4328125,0.353125,0.5328125,0.3859375,0.6625,0.3890625,0.5625,0.2109375,0.2296875,0.2421875,0.13125
33,632,Coimbatore,0.021875,0.4890625,0.3171875,0.140625,0.15625,0.496875,0.08125,0.275,0.0421875,0.0390625,0.3015625,0.0078125
33,633,Tiruppur,0.0515625,0.509375,0.21875,0.2890625,0.3375,0.7140625,0.1328125,0.3765625,0.0359375,0.0296875,0.0703125,0.003125
34,634,Yanam,0.21875,0.475,0.04375,0.2640625,0.0484375,0.0234375,0.090625,0.3875,0.05,0.065625,0.9671875,0.0828125
34,635,Puducherry,0.125,0.515625,0.04375,0.1015625,0.2046875,0.275,0.0734375,0.28125,0.0625,0.1859375,0.696875,0.10625
34,636,Mahe,0.1796875,0.0953125,0.04375,0.0046875,0.0109375,0.071875,0.0171875,0.021875,0.1109375,0.084375,0.9921875,0.83125
34,637,Karaikal,0.2125,0.59375,0.04375,0.0703125,0.1609375,0.153125,0.096875,0.3671875,0.184375,0.2734375,0.809375,0.084375
35,638,Nicobars,0.303125,0.025,0.8953125,0.3046875,0.25625,0.4765625,0.028125,0.028125,0.8859375,0.9296875,0.25625,0.0609375
35,639,North  & Middle Andaman,0.225,0.025,0.3,0.1421875,0.1375,0.1859375,0.1515625,0.1,0.3390625,0.540625,0.703125,0.0859375
35,640,South Andaman,0.10625,0.025,0.384375,0.04375,0.0546875,0.234375,0.0375,0.0453125,0.1171875,0.1328125,0.5234375,0.0875
