id,text,water,food,shelter,clothing,money,medical_help,medical_products,search_and_rescue,tools,disagree,orig_dataset_id
SCEN-DIS-01,"The programme also vaccinated children against pneumococcal diseases, administered oral rehydration salts to children with diarrhoea, dispensed chlorine for water treatment, and offered nutritional supplements and regular free follow-up visits from a health worker.",1,0,0,0,0,1,1,0,0,1,2895
SCEN-DIS-02,"Someone who supposedly say where food is beeing distributed, I should go fight to get it, on top of that I won't get any. What can the law says about this case?",0,1,0,0,0,0,0,0,0,1,1414
SCEN-DIS-03,My friends I can't stand it any longer. My house was destroyed.That is why I need help to go somehwere in Africa .. signed m. \DELVA MENDELYEFSON,0,0,1,0,0,0,0,0,0,1,1100
SCEN-DIS-04,The injectable/inactivated polio vaccine (IPV) is said to be highly effective in preventing paralytic disease caused by all three types of poliovirus and is currently being used by a majority of the polio-free developed and advanced countries.,0,0,0,1,0,0,0,0,0,1,2996
SCEN-DIS-05,Catastrophic earthquake strikes Haiti How you can help http j.mp 8AbVX7,0,0,0,0,1,0,0,0,0,1,2402
SCEN-DIS-06,"Patients suffering from asthma, viral fever, fractures and breathing difficulties lay by the roadside.",0,0,0,0,0,1,1,0,0,1,2755
SCEN-DIS-07,People who are wonded are dying of hunger. I am asking you to take a look at us because ..,0,1,0,0,0,0,0,0,0,1,1334
SCEN-DIS-08,"Because of flood my house has fallen to ground It is an appeal for help from Ghulam yaseen tehseel,Garhi Khairo district Jacob aabad.",0,0,1,0,0,0,0,0,0,1,2578
SCEN-DIS-09,"Four major highways, NH 7, 9, 18 and 63 have suffered major damage in the flood.",0,0,0,0,0,1,0,0,0,1,2998
SCEN-DIS-10,I have a sore throat i don't know what to do i have so much difficulty to drink and to eat please help me.,0,0,0,0,0,1,0,0,0,1,2215
SCEN-DIS-11,Food and medical facilities required urgently at Qadirpur (Ghotki),0,1,0,0,0,1,1,0,0,1,2582
SCEN-DIS-12,"We are a family of 15 members, 5 men 10 women, we need help because our home has collapsed.",0,0,1,0,0,0,0,0,0,1,513
SCEN-AGR-01,"Panamerican Street, we cannot count the amount of victims. Since there is no energy, gas the area needs mostly cooked food with drinkable water.",1,1,0,0,0,0,0,0,0,0,177
SCEN-AGR-02,we are hungra please help us now otherwise we die,0,1,0,0,0,0,0,0,0,0,1522
SCEN-AGR-03,"pleaseit's rains now a days.i sleeping out door,i need shelter and tent.emergency.we living at chal janti 17",0,0,1,0,0,0,0,0,0,0,2372
SCEN-AGR-04,Is there a drop off center for clothing and food donations ?,0,1,0,1,0,0,0,0,0,0,2503
SCEN-AGR-05,igiphile led The Colbert Show with Sandy; urged viewers to donate to : Aftermath HurricaneSandy NYC Gas Station sandy that dumb bitch,0,0,0,0,1,0,0,0,0,0,2629
SCEN-AGR-06,wHERE I COULD FIND DISINFECTING TO ASPEGER THE ZONE AGAINTS MOSQUITOES AND BAD SMEL.,0,0,0,0,0,1,1,0,0,0,2094
SCEN-AGR-07,"Dadu: Needs water, food, medicines. boats",1,1,0,0,0,0,1,0,0,0,2611
SCEN-AGR-08,I would like to know what the government is going to do with the collapsed houses. We are sleeping on the streets. We are between South and SouthEast. ( Between Cayes and Jacmel ),0,0,1,0,0,0,0,1,0,0,1109
SCEN-AGR-09,"Help please, we need help at Christ-Roi street, Impasse Cedor. We need food, water, medical care and tents because there are two newborn babies in the. ..",1,1,1,0,0,1,0,0,1,0,1080
SCEN-AGR-10,"need tents and help for my family and myself, we are sleeping outside under the moon in the streets in butte boyer",0,0,1,0,0,0,0,0,0,0,1562
SCEN-AGR-11,we are dying of hunger. if we don't eat how are we going to get back up. and where can i find food to eat. they aren/t giving food yet,0,1,0,0,0,0,0,0,0,0,957
SCEN-AGR-12,"We're in Corail, Arcahaie. We haven't seen any food",0,1,0,0,0,0,0,0,0,0,1760
SCEN-AGR-13,We have several people suffering from dehydration because we do not have water. we are in Leyogan. ? in a different route bary. thursday.,1,0,0,0,0,0,0,0,0,0,272
SCEN-AGR-14,"""That's why, over the last three months, our partners have been working around the clock to support communities that are likely to be cut off, making sure they have shelter during the monsoon, as well as hygiene kits containing soap and water purification tablets, which are crucial for preventing the spread of disease.",0,0,1,0,0,0,1,0,0,0,2828
SCEN-AGR-15,Please send food. Thank you. I'm in the village of La Plaine,1,0,0,0,0,1,0,0,0,0,327
SCEN-AGR-16,"Children and elderly are still hurt but haven't died. We have been to the doctor's, but if we find help like food and medicine, we will use it.",0,1,0,0,0,0,1,0,0,0,791
SCEN-AGR-17,family. friends and all of those who knows me. . tell them that am alive thanks to god,0,0,0,0,0,0,0,1,0,0,192
SCEN-AGR-18,Santo 2 and Impasse Beb Blanc. We need tents. The rain is coming down and we are in it othe raine.,0,0,1,0,0,0,0,0,0,0,1886
SCEN-AGR-19,"Good evening, we are from the Survival comitte Delma 33, Jack premye, ri sengor ( in Citron on the football field ) We need food. Rice, peas and corn flour",0,1,0,0,0,0,0,0,0,0,415
SCEN-AGR-20,"We need electricity 24 hours a day, more technology and school for the people, together we can change HAITI!.",0,0,0,0,0,1,0,0,0,0,2204
SCEN-AGR-21,WE WANT TO EAT IN GRESSIER SEND TENTS AND FOOD AND MEDICAMENTS,0,1,1,0,0,0,1,0,0,0,1888
SCEN-AGR-22,this person wants to know if only the people with card can get food?,0,1,0,0,0,0,0,0,0,0,1461
SCEN-AGR-23,we are alot. We are in sivady jacmel. we need food. please remember us,0,1,0,0,0,0,0,0,0,0,902
