pipeline,scenario_id,repeat_index,disagree,gold_resource_coverage,invented_resources,citation_validity,evidence_sufficient_share,json_validity
llm_llm,SCEN-DIS-01,1,1,1.0,0.0,1.0,0.6666666666666666,1.0
llm_llm,SCEN-DIS-01,2,1,0.6666666666666666,0.0,1.0,1.0,1.0
llm_llm,SCEN-DIS-01,3,1,0.6666666666666666,0.0,1.0,1.0,1.0
jev_llm,SCEN-DIS-01,1,1,1.0,0.0,1.0,1.0,1.0
jev_llm,SCEN-DIS-01,2,1,1.0,0.0,1.0,0.6666666666666666,1.0
jev_llm,SCEN-DIS-01,3,1,1.0,0.0,1.0,0.6666666666666666,1.0
llm_llm_control,SCEN-DIS-01,1,1,0.6666666666666666,0.0,1.0,1.0,1.0
llm_llm,SCEN-DIS-02,1,1,0.0,0.0,1.0,1.0,1.0
llm_llm,SCEN-DIS-02,2,1,0.0,0.0,1.0,1.0,1.0
llm_llm,SCEN-DIS-02,3,1,0.0,0.0,1.0,1.0,1.0
jev_llm,SCEN-DIS-02,1,1,1.0,0.0,1.0,1.0,1.0
jev_llm,SCEN-DIS-02,2,1,1.0,0.0,1.0,1.0,1.0
jev_llm,SCEN-DIS-02,3,1,1.0,0.0,1.0,1.0,1.0
llm_llm_control,SCEN-DIS-02,1,1,0.0,0.0,1.0,1.0,1.0
llm_llm,SCEN-DIS-03,1,1,1.0,0.0,1.0,1.0,1.0
llm_llm,SCEN-DIS-03,2,1,1.0,0.0,1.0,0.3333333333333333,1.0
llm_llm,SCEN-DIS-03,3,1,1.0,0.0,1.0,1.0,1.0
jev_llm,SCEN-DIS-03,1,1,1.0,0.0,1.0,0.6666666666666666,1.0
jev_llm,SCEN-DIS-03,2,1,1.0,0.0,1.0,0.8888888888888888,1.0
jev_llm,SCEN-DIS-03,3,1,1.0,0.0,1.0,1.0,1.0
llm_llm_control,SCEN-DIS-03,1,1,1.0,0.0,1.0,0.3333333333333333,1.0
llm_llm,SCEN-DIS-04,1,1,0.0,0.0,1.0,1.0,1.0
llm_llm,SCEN-DIS-04,2,1,0.0,0.0,1.0,1.0,1.0
llm_llm,SCEN-DIS-04,3,1,0.0,0.0,1.0,1.0,1.0
jev_llm,SCEN-DIS-04,1,1,0.0,0.0,1.0,1.0,1.0
jev_llm,SCEN-DIS-04,2,1,0.0,0.0,1.0,1.0,1.0
jev_llm,SCEN-DIS-04,3,1,0.0,0.0,1.0,1.0,1.0
llm_llm_control,SCEN-DIS-04,1,1,0.0,0.0,1.0,1.0,1.0
llm_llm,SCEN-DIS-05,1,1,1.0,0.0,1.0,0.7777777777777778,1.0
llm_llm,SCEN-DIS-05,2,1,1.0,0.0,1.0,0.7777777777777778,1.0
llm_llm,SCEN-DIS-05,3,1,1.0,0.0,1.0,0.6666666666666666,1.0
jev_llm,SCEN-DIS-05,1,1,1.0,0.0,1.0,0.7777777777777778,1.0
jev_llm,SCEN-DIS-05,2,1,1.0,0.0,1.0,0.7777777777777778,1.0
jev_llm,SCEN-DIS-05,3,1,1.0,0.0,1.0,0.8888888888888888,1.0
llm_llm_control,SCEN-DIS-05,1,1,1.0,0.0,1.0,0.8571428571428571,1.0
llm_llm,SCEN-DIS-06,1,1,1.0,0.0,1.0,1.0,1.0
llm_llm,SCEN-DIS-06,2,1,1.0,0.0,1.0,1.0,1.0
llm_llm,SCEN-DIS-06,3,1,1.0,0.0,1.0,1.0,1.0
jev_llm,SCEN-DIS-06,1,1,1.0,0.0,1.0,1.0,1.0
jev_llm,SCEN-DIS-06,2,1,1.0,0.0,1.0,0.6,1.0
jev_llm,SCEN-DIS-06,3,1,1.0,0.0,1.0,1.0,1.0
llm_llm_control,SCEN-DIS-06,1,1,1.0,0.0,1.0,1.0,1.0
llm_llm,SCEN-DIS-07,1,1,1.0,0.0,1.0,1.0,1.0
llm_llm,SCEN-DIS-07,2,1,1.0,0.0,1.0,1.0,1.0
llm_llm,SCEN-DIS-07,3,1,1.0,0.0,1.0,1.0,1.0
jev_llm,SCEN-DIS-07,1,1,1.0,0.0,1.0,1.0,1.0
jev_llm,SCEN-DIS-07,2,1,1.0,0.0,1.0,1.0,1.0
jev_llm,SCEN-DIS-07,3,1,1.0,0.0,1.0,0.6666666666666666,1.0
llm_llm_control,SCEN-DIS-07,1,1,1.0,0.0,1.0,1.0,1.0
llm_llm,SCEN-DIS-08,1,1,1.0,0.0,1.0,0.875,1.0
llm_llm,SCEN-DIS-08,2,1,1.0,0.0,1.0,0.75,1.0
llm_llm,SCEN-DIS-08,3,1,1.0,0.0,1.0,1.0,1.0
jev_llm,SCEN-DIS-08,1,1,1.0,0.0,1.0,0.7777777777777778,1.0
jev_llm,SCEN-DIS-08,2,1,1.0,0.0,1.0,0.7777777777777778,1.0
jev_llm,SCEN-DIS-08,3,1,1.0,0.0,1.0,0.7777777777777778,1.0
llm_llm_control,SCEN-DIS-08,1,1,1.0,0.0,1.0,1.0,1.0
llm_llm,SCEN-DIS-09,1,1,0.0,0.0,1.0,0.0,1.0
llm_llm,SCEN-DIS-09,2,1,0.0,0.0,1.0,1.0,1.0
llm_llm,SCEN-DIS-09,3,1,0.0,0.0,1.0,0.0,1.0
jev_llm,SCEN-DIS-09,1,1,1.0,0.0,1.0,0.7777777777777778,1.0
jev_llm,SCEN-DIS-09,2,1,1.0,0.0,1.0,0.6666666666666666,1.0
jev_llm,SCEN-DIS-09,3,1,1.0,0.0,1.0,0.6666666666666666,1.0
llm_llm_control,SCEN-DIS-09,1,1,0.0,0.0,1.0,1.0,1.0
llm_llm,SCEN-DIS-10,1,1,1.0,0.0,1.0,1.0,1.0
llm_llm,SCEN-DIS-10,2,1,1.0,0.0,1.0,1.0,1.0
llm_llm,SCEN-DIS-10,3,1,1.0,0.0,1.0,1.0,1.0
jev_llm,SCEN-DIS-10,1,1,1.0,0.0,1.0,0.0,1.0
jev_llm,SCEN-DIS-10,2,1,1.0,0.0,1.0,0.0,1.0
jev_llm,SCEN-DIS-10,3,1,1.0,0.0,1.0,0.0,1.0
llm_llm_control,SCEN-DIS-10,1,1,1.0,0.0,1.0,1.0,1.0
llm_llm,SCEN-DIS-11,1,1,1.0,0.0,1.0,1.0,1.0
llm_llm,SCEN-DIS-11,2,1,0.6666666666666666,0.0,1.0,1.0,1.0
llm_llm,SCEN-DIS-11,3,1,0.6666666666666666,0.0,1.0,1.0,1.0
jev_llm,SCEN-DIS-11,1,1,1.0,0.0,1.0,0.8333333333333334,1.0
jev_llm,SCEN-DIS-11,2,1,1.0,0.0,1.0,0.8333333333333334,1.0
jev_llm,SCEN-DIS-11,3,1,1.0,0.0,1.0,0.8,1.0
llm_llm_control,SCEN-DIS-11,1,1,1.0,0.0,1.0,1.0,1.0
llm_llm,SCEN-DIS-12,1,1,1.0,0.0,1.0,1.0,1.0
llm_llm,SCEN-DIS-12,2,1,1.0,0.0,1.0,1.0,1.0
llm_llm,SCEN-DIS-12,3,1,1.0,0.0,1.0,1.0,1.0
jev_llm,SCEN-DIS-12,1,1,1.0,0.0,1.0,0.5555555555555556,1.0
jev_llm,SCEN-DIS-12,2,1,1.0,0.0,1.0,0.4444444444444444,1.0
jev_llm,SCEN-DIS-12,3,1,1.0,0.0,1.0,0.7777777777777778,1.0
llm_llm_control,SCEN-DIS-12,1,1,1.0,0.0,1.0,1.0,1.0
llm_llm,SCEN-AGR-01,1,0,1.0,0.0,1.0,1.0,1.0
llm_llm,SCEN-AGR-01,2,0,1.0,0.0,1.0,0.5,1.0
llm_llm,SCEN-AGR-01,3,0,1.0,0.0,1.0,0.0,1.0
jev_llm,SCEN-AGR-01,1,0,1.0,0.0,1.0,0.8571428571428571,1.0
jev_llm,SCEN-AGR-01,2,0,1.0,0.0,1.0,1.0,1.0
jev_llm,SCEN-AGR-01,3,0,1.0,0.0,1.0,0.625,1.0
llm_llm_control,SCEN-AGR-01,1,0,1.0,0.0,1.0,0.0,1.0
llm_llm,SCEN-AGR-02,1,0,1.0,0.0,1.0,1.0,1.0
llm_llm,SCEN-AGR-02,2,0,1.0,0.0,1.0,1.0,1.0
llm_llm,SCEN-AGR-02,3,0,1.0,0.0,1.0,1.0,1.0
jev_llm,SCEN-AGR-02,1,0,1.0,0.0,1.0,0.6666666666666666,1.0
jev_llm,SCEN-AGR-02,2,0,1.0,0.0,1.0,0.6666666666666666,1.0
jev_llm,SCEN-AGR-02,3,0,1.0,0.0,1.0,0.6666666666666666,1.0
llm_llm_control,SCEN-AGR-02,1,0,1.0,0.0,1.0,1.0,1.0
llm_llm,SCEN-AGR-03,1,0,1.0,0.0,1.0,1.0,1.0
llm_llm,SCEN-AGR-03,2,0,1.0,0.0,1.0,1.0,1.0
llm_llm,SCEN-AGR-03,3,0,1.0,0.0,1.0,1.0,1.0
jev_llm,SCEN-AGR-03,1,0,1.0,0.0,1.0,0.6,1.0
jev_llm,SCEN-AGR-03,2,0,1.0,0.0,1.0,0.6,1.0
jev_llm,SCEN-AGR-03,3,0,1.0,0.0,1.0,0.6,1.0
llm_llm_control,SCEN-AGR-03,1,0,1.0,0.0,1.0,1.0,1.0
llm_llm,SCEN-AGR-04,1,0,0.0,0.0,1.0,1.0,1.0
llm_llm,SCEN-AGR-04,2,0,0.0,0.0,1.0,1.0,1.0
llm_llm,SCEN-AGR-04,3,0,0.0,0.0,1.0,1.0,1.0
jev_llm,SCEN-AGR-04,1,0,1.0,0.0,1.0,0.0,1.0
jev_llm,SCEN-AGR-04,2,0,1.0,0.0,1.0,0.5,1.0
jev_llm,SCEN-AGR-04,3,0,1.0,0.0,1.0,0.5,1.0
llm_llm_control,SCEN-AGR-04,1,0,0.0,0.0,1.0,1.0,1.0
llm_llm,SCEN-AGR-05,1,0,0.0,0.0,1.0,1.0,1.0
llm_llm,SCEN-AGR-05,2,0,0.0,0.0,1.0,1.0,1.0
llm_llm,SCEN-AGR-05,3,0,0.0,0.0,1.0,1.0,1.0
jev_llm,SCEN-AGR-05,1,0,1.0,0.0,1.0,0.8571428571428571,1.0
jev_llm,SCEN-AGR-05,2,0,1.0,0.0,1.0,0.7142857142857143,1.0
jev_llm,SCEN-AGR-05,3,0,1.0,0.0,1.0,1.0,1.0
llm_llm_control,SCEN-AGR-05,1,0,0.0,0.0,1.0,1.0,1.0
llm_llm,SCEN-AGR-06,1,0,0.5,0.0,1.0,0.0,1.0
llm_llm,SCEN-AGR-06,2,0,0.5,0.0,1.0,0.0,1.0
llm_llm,SCEN-AGR-06,3,0,0.5,0.0,1.0,0.0,1.0
jev_llm,SCEN-AGR-06,1,0,0.5,0.0,1.0,1.0,1.0
jev_llm,SCEN-AGR-06,2,0,0.5,0.0,1.0,0.25,1.0
jev_llm,SCEN-AGR-06,3,0,1.0,0.0,1.0,0.4,1.0
llm_llm_control,SCEN-AGR-06,1,0,0.5,0.0,1.0,0.0,1.0
llm_llm,SCEN-AGR-07,1,0,1.0,0.0,1.0,1.0,1.0
llm_llm,SCEN-AGR-07,2,0,1.0,0.0,1.0,1.0,1.0
llm_llm,SCEN-AGR-07,3,0,1.0,0.0,1.0,0.3333333333333333,1.0
jev_llm,SCEN-AGR-07,1,0,1.0,0.0,1.0,1.0,1.0
jev_llm,SCEN-AGR-07,2,0,1.0,0.0,1.0,0.6666666666666666,1.0
jev_llm,SCEN-AGR-07,3,0,1.0,0.0,1.0,1.0,1.0
llm_llm_control,SCEN-AGR-07,1,0,1.0,0.0,1.0,1.0,1.0
llm_llm,SCEN-AGR-08,1,0,0.5,0.0,1.0,1.0,1.0
llm_llm,SCEN-AGR-08,2,0,0.5,0.0,1.0,1.0,1.0
llm_llm,SCEN-AGR-08,3,0,0.5,0.0,1.0,1.0,1.0
jev_llm,SCEN-AGR-08,1,0,1.0,0.0,1.0,0.5555555555555556,1.0
jev_llm,SCEN-AGR-08,2,0,1.0,0.0,1.0,0.7777777777777778,1.0
jev_llm,SCEN-AGR-08,3,0,1.0,0.0,1.0,1.0,1.0
llm_llm_control,SCEN-AGR-08,1,0,0.5,0.0,1.0,1.0,1.0
llm_llm,SCEN-AGR-09,1,0,0.8,0.0,1.0,1.0,1.0
llm_llm,SCEN-AGR-09,2,0,0.8,0.0,1.0,1.0,1.0
llm_llm,SCEN-AGR-09,3,0,0.8,0.0,1.0,1.0,1.0
jev_llm,SCEN-AGR-09,1,0,0.8,0.0,1.0,0.7142857142857143,1.0
jev_llm,SCEN-AGR-09,2,0,0.8,0.0,1.0,0.8333333333333334,1.0
jev_llm,SCEN-AGR-09,3,0,0.8,0.0,1.0,0.8333333333333334,1.0
llm_llm_control,SCEN-AGR-09,1,0,0.8,0.0,1.0,0.6,1.0
llm_llm,SCEN-AGR-10,1,0,1.0,0.0,1.0,1.0,1.0
llm_llm,SCEN-AGR-10,2,0,1.0,0.0,1.0,1.0,1.0
llm_llm,SCEN-AGR-10,3,0,1.0,0.0,1.0,1.0,1.0
jev_llm,SCEN-AGR-10,1,0,1.0,0.0,1.0,0.5,1.0
jev_llm,SCEN-AGR-10,2,0,1.0,0.0,1.0,0.8333333333333334,1.0
jev_llm,SCEN-AGR-10,3,0,1.0,0.0,1.0,0.6666666666666666,1.0
llm_llm_control,SCEN-AGR-10,1,0,1.0,0.0,1.0,1.0,1.0
llm_llm,SCEN-AGR-11,1,0,1.0,0.0,1.0,1.0,1.0
llm_llm,SCEN-AGR-11,2,0,1.0,0.0,1.0,1.0,1.0
llm_llm,SCEN-AGR-11,3,0,1.0,0.0,1.0,1.0,1.0
jev_llm,SCEN-AGR-11,1,0,1.0,0.0,1.0,0.6666666666666666,1.0
jev_llm,SCEN-AGR-11,2,0,1.0,0.0,1.0,0.6666666666666666,1.0
jev_llm,SCEN-AGR-11,3,0,1.0,0.0,1.0,0.6666666666666666,1.0
llm_llm_control,SCEN-AGR-11,1,0,1.0,0.0,1.0,1.0,1.0
llm_llm,SCEN-AGR-12,1,0,1.0,0.0,1.0,1.0,1.0
llm_llm,SCEN-AGR-12,2,0,1.0,0.0,1.0,1.0,1.0
llm_llm,SCEN-AGR-12,3,0,1.0,0.0,1.0,1.0,1.0
jev_llm,SCEN-AGR-12,1,0,1.0,0.0,1.0,0.5,1.0
jev_llm,SCEN-AGR-12,2,0,1.0,0.0,1.0,0.5,1.0
jev_llm,SCEN-AGR-12,3,0,1.0,0.0,1.0,0.5,1.0
llm_llm_control,SCEN-AGR-12,1,0,1.0,0.0,1.0,1.0,1.0
llm_llm,SCEN-AGR-13,1,0,1.0,0.0,1.0,1.0,1.0
llm_llm,SCEN-AGR-13,2,0,1.0,0.0,1.0,1.0,1.0
llm_llm,SCEN-AGR-13,3,0,1.0,0.0,1.0,1.0,1.0
jev_llm,SCEN-AGR-13,1,0,1.0,0.0,1.0,1.0,1.0
jev_llm,SCEN-AGR-13,2,0,1.0,0.0,1.0,1.0,1.0
jev_llm,SCEN-AGR-13,3,0,1.0,0.0,1.0,1.0,1.0
llm_llm_control,SCEN-AGR-13,1,0,1.0,0.0,1.0,0.0,1.0
llm_llm,SCEN-AGR-14,1,0,0.5,0.0,1.0,0.5,1.0
llm_llm,SCEN-AGR-14,2,0,0.5,0.0,1.0,0.5,1.0
llm_llm,SCEN-AGR-14,3,0,0.5,0.0,1.0,0.5,1.0
jev_llm,SCEN-AGR-14,1,0,1.0,0.0,1.0,0.7142857142857143,1.0
jev_llm,SCEN-AGR-14,2,0,1.0,0.0,1.0,0.8571428571428571,1.0
jev_llm,SCEN-AGR-14,3,0,1.0,0.0,1.0,0.6,1.0
llm_llm_control,SCEN-AGR-14,1,0,0.5,0.0,1.0,1.0,1.0
llm_llm,SCEN-AGR-15,1,0,0.0,0.0,1.0,0.0,1.0
llm_llm,SCEN-AGR-15,2,0,0.0,0.0,1.0,1.0,1.0
llm_llm,SCEN-AGR-15,3,0,0.0,0.0,1.0,1.0,1.0
jev_llm,SCEN-AGR-15,1,0,0.5,0.0,1.0,1.0,1.0
jev_llm,SCEN-AGR-15,2,0,0.5,0.0,1.0,1.0,1.0
jev_llm,SCEN-AGR-15,3,0,0.5,0.0,1.0,1.0,1.0
llm_llm_control,SCEN-AGR-15,1,0,0.0,0.0,1.0,1.0,1.0
llm_llm,SCEN-AGR-16,1,0,1.0,0.0,1.0,1.0,1.0
llm_llm,SCEN-AGR-16,2,0,1.0,0.0,1.0,1.0,1.0
llm_llm,SCEN-AGR-16,3,0,1.0,0.0,1.0,1.0,1.0
jev_llm,SCEN-AGR-16,1,0,1.0,0.0,1.0,1.0,1.0
jev_llm,SCEN-AGR-16,2,0,1.0,0.0,1.0,1.0,1.0
jev_llm,SCEN-AGR-16,3,0,1.0,0.0,1.0,0.6,1.0
llm_llm_control,SCEN-AGR-16,1,0,1.0,0.0,1.0,1.0,1.0
llm_llm,SCEN-AGR-17,1,0,0.0,0.0,1.0,1.0,1.0
llm_llm,SCEN-AGR-17,2,0,0.0,0.0,1.0,1.0,1.0
llm_llm,SCEN-AGR-17,3,0,0.0,0.0,1.0,1.0,1.0
jev_llm,SCEN-AGR-17,1,0,0.0,0.0,1.0,0.0,1.0
jev_llm,SCEN-AGR-17,2,0,0.0,0.0,1.0,0.0,1.0
jev_llm,SCEN-AGR-17,3,0,0.0,0.0,1.0,0.0,1.0
llm_llm_control,SCEN-AGR-17,1,0,0.0,0.0,1.0,1.0,1.0
llm_llm,SCEN-AGR-18,1,0,1.0,0.0,1.0,1.0,1.0
llm_llm,SCEN-AGR-18,2,0,1.0,0.0,1.0,1.0,1.0
llm_llm,SCEN-AGR-18,3,0,1.0,0.0,1.0,1.0,1.0
jev_llm,SCEN-AGR-18,1,0,1.0,0.0,1.0,0.6,1.0
jev_llm,SCEN-AGR-18,2,0,1.0,0.0,1.0,0.25,1.0
jev_llm,SCEN-AGR-18,3,0,1.0,0.0,1.0,0.4,1.0
llm_llm_control,SCEN-AGR-18,1,0,1.0,0.0,1.0,1.0,1.0
llm_llm,SCEN-AGR-19,1,0,1.0,0.0,1.0,1.0,1.0
llm_llm,SCEN-AGR-19,2,0,1.0,0.0,1.0,1.0,1.0
llm_llm,SCEN-AGR-19,3,0,1.0,0.0,1.0,1.0,1.0
jev_llm,SCEN-AGR-19,1,0,1.0,0.0,1.0,0.6666666666666666,1.0
jev_llm,SCEN-AGR-19,2,0,1.0,0.0,1.0,0.6666666666666666,1.0
jev_llm,SCEN-AGR-19,3,0,1.0,0.0,1.0,0.5,1.0
llm_llm_control,SCEN-AGR-19,1,0,1.0,0.0,1.0,1.0,1.0
llm_llm,SCEN-AGR-20,1,0,0.0,0.0,1.0,1.0,1.0
llm_llm,SCEN-AGR-20,2,0,0.0,0.0,1.0,1.0,1.0
llm_llm,SCEN-AGR-20,3,0,0.0,0.0,1.0,1.0,1.0
jev_llm,SCEN-AGR-20,1,0,0.0,0.0,1.0,0.3333333333333333,1.0
jev_llm,SCEN-AGR-20,2,0,0.0,0.0,1.0,1.0,1.0
jev_llm,SCEN-AGR-20,3,0,0.0,0.0,1.0,1.0,1.0
llm_llm_control,SCEN-AGR-20,1,0,0.0,0.0,1.0,1.0,1.0
llm_llm,SCEN-AGR-21,1,0,1.0,0.0,1.0,1.0,1.0
llm_llm,SCEN-AGR-21,2,0,1.0,0.0,1.0,1.0,1.0
llm_llm,SCEN-AGR-21,3,0,1.0,0.0,1.0,1.0,1.0
jev_llm,SCEN-AGR-21,1,0,1.0,0.0,1.0,1.0,1.0
jev_llm,SCEN-AGR-21,2,0,1.0,0.0,1.0,1.0,1.0
jev_llm,SCEN-AGR-21,3,0,1.0,0.0,1.0,0.8,1.0
llm_llm_control,SCEN-AGR-21,1,0,1.0,0.0,1.0,1.0,1.0
llm_llm,SCEN-AGR-22,1,0,0.0,0.0,1.0,1.0,1.0
llm_llm,SCEN-AGR-22,2,0,0.0,0.0,1.0,1.0,1.0
llm_llm,SCEN-AGR-22,3,0,0.0,0.0,1.0,1.0,1.0
jev_llm,SCEN-AGR-22,1,0,1.0,0.0,1.0,0.0,1.0
jev_llm,SCEN-AGR-22,2,0,1.0,0.0,1.0,0.0,1.0
jev_llm,SCEN-AGR-22,3,0,1.0,0.0,1.0,0.0,1.0
llm_llm_control,SCEN-AGR-22,1,0,0.0,0.0,1.0,1.0,1.0
llm_llm,SCEN-AGR-23,1,0,1.0,0.0,1.0,1.0,1.0
llm_llm,SCEN-AGR-23,2,0,1.0,0.0,1.0,1.0,1.0
llm_llm,SCEN-AGR-23,3,0,1.0,0.0,1.0,1.0,1.0
jev_llm,SCEN-AGR-23,1,0,1.0,0.0,1.0,1.0,1.0
jev_llm,SCEN-AGR-23,2,0,1.0,0.0,1.0,1.0,1.0
jev_llm,SCEN-AGR-23,3,0,1.0,0.0,1.0,1.0,1.0
llm_llm_control,SCEN-AGR-23,1,0,1.0,0.0,1.0,1.0,1.0
