scenario_id,disaster,type,date,state,district,location,latitude,longitude,source,affected_population,warehouses,responder,existing_route_distance_km,nearest_warehouse,approx_distance_km,chain_km,final_leg_straight_km,final_leg_road_km,lower_bound_km,expected_route_km,expected_basis,expected_bucket,classification,include,exclusion_reason
E2E-001,1944 Bombay explosion,EXPLOSION,1944-04-14,Maharashtra,Mumbai City,"Victoria Dock, Mazagaon, Mumbai",18.95278,72.845,https://en.wikipedia.org/wiki/1944_Bombay_explosion,80000,WH001+WH002+WH003+WH004+WH005,R002,100.54,WH003,7.5,80.17,11.13,,91.3,100.54,measured: full route in the previous run (same chain),100-150,IN_SCOPE,True,
E2E-002,1967 Koynanagar earthquake,EARTHQUAKE,1967-12-11,Maharashtra,Satara,"Koynanagar, Satara",17.41,73.86,https://en.wikipedia.org/wiki/1967_Koynanagar_earthquake,2377,WH001+WH002+WH003+WH004+WH005,R002,398.83,WH004,203.8,80.17,212.88,,293.1,398.83,measured: full route in the previous run (same chain),>150,UNREALISTIC_DISTANCE,False,lower bound 293.1 km > 150 km
E2E-003,Chasnala mining disaster,MINING_ACCIDENT,1975-12-27,Jharkhand,,"Chasnala, Dhanbad",23.7998,86.4305,https://en.wikipedia.org/wiki/Chasnala_mining_disaster,375,WH001,R002,1776.43,WH004,1483.8,,,,,,,,OUT_OF_SCOPE,False,outside Maharashtra (Jharkhand)
E2E-004,1977 Andhra Pradesh cyclone,CYCLONE,1977-11-19,Andhra Pradesh,,"Diviseema, Krishna",16.01972,80.92,https://en.wikipedia.org/wiki/1977_Andhra_Pradesh_cyclone,3400000,WH001+WH002+WH003+WH004+WH005,R001,1135.41,WH004,903.1,,,,,,,,OUT_OF_SCOPE,False,outside Maharashtra (Andhra Pradesh)
E2E-005,1979 Machchhu dam failure,DAM_FAILURE,1979-08-11,Gujarat,,Morbi,22.76389,70.86583,https://en.wikipedia.org/wiki/1979_Machchhu_dam_failure,1800,WH001+WH002+WH003+WH004+WH005,R002,780.64,WH002,455.5,,,,,,,,OUT_OF_SCOPE,False,outside Maharashtra (Gujarat)
E2E-006,Bhopal disaster,CHEMICAL_LEAK,1984-12-02,Madhya Pradesh,,Bhopal,23.2799,77.4099,https://en.wikipedia.org/wiki/Bhopal_disaster,520000,WH001+WH002+WH003+WH004+WH005,R002,878.03,WH004,653.6,,,,,,,,OUT_OF_SCOPE,False,outside Maharashtra (Madhya Pradesh)
E2E-007,1990 Andhra Pradesh cyclone,CYCLONE,1990-05-09,Andhra Pradesh,,"Machilipatnam, Krishna",16.17,81.13,https://en.wikipedia.org/wiki/1990_Andhra_Pradesh_cyclone,3000000,WH001+WH002+WH003+WH004+WH005,R001,1139.7,WH004,917.4,,,,,,,,OUT_OF_SCOPE,False,outside Maharashtra (Andhra Pradesh)
E2E-008,1991 Uttarkashi earthquake,EARTHQUAKE,1991-10-20,Uttarakhand,,Uttarkashi,30.73,78.45,https://en.wikipedia.org/wiki/1991_Uttarkashi_earthquake,300000,WH001+WH002+WH003+WH004+WH005,R002,1789.83,WH004,1407.9,,,,,,,,OUT_OF_SCOPE,False,outside Maharashtra (Uttarakhand)
E2E-009,1993 Latur earthquake,EARTHQUAKE,1993-09-30,Maharashtra,Latur,"Killari, Latur",18.07,76.62,https://en.wikipedia.org/wiki/1993_Latur_earthquake,40000,WH001+WH002+WH003+WH004+WH005,R002,595.29,WH004,395.1,80.17,415.11,,495.3,595.29,measured: full route in the previous run (same chain),>150,UNREALISTIC_DISTANCE,False,lower bound 495.3 km > 150 km
E2E-010,Dabwali fire accident,FIRE,1995-12-23,Haryana,,"Mandi Dabwali, Sirsa",29.94766,74.73223,https://en.wikipedia.org/wiki/Dabwali_fire_accident,560,WH001+WH002,R002,1442.77,WH002,1220.0,,,,,,,,OUT_OF_SCOPE,False,outside Maharashtra (Haryana)
E2E-011,1996 Andhra Pradesh cyclone,CYCLONE,1996-11-06,Andhra Pradesh,,"Kakinada, East Godavari",16.96611,82.255,https://en.wikipedia.org/wiki/1996_Andhra_Pradesh_cyclone,100000,WH001+WH002+WH003+WH004+WH005,R001,1233.9,WH004,1003.8,,,,,,,,OUT_OF_SCOPE,False,outside Maharashtra (Andhra Pradesh)
E2E-012,1996 Charkhi Dadri mid-air collision,AIR_ACCIDENT,1996-11-12,Haryana,,Charkhi Dadri,28.56056,76.30417,https://en.wikipedia.org/wiki/1996_Charkhi_Dadri_mid-air_collision,349,WH001,R002,1385.7,WH004,1107.8,,,,,,,,OUT_OF_SCOPE,False,outside Maharashtra (Haryana)
E2E-013,Uphaar Cinema fire,FIRE,1997-06-13,Delhi,,"Green Park, New Delhi",28.55,77.2,https://en.wikipedia.org/wiki/Uphaar_Cinema_fire,162,WH001,R002,1338.89,WH004,1137.4,,,,,,,,OUT_OF_SCOPE,False,outside Maharashtra (Delhi)
E2E-014,1998 Gujarat cyclone,CYCLONE,1998-06-09,Gujarat,,"Kandla, Kutch",23.03,70.22,https://en.wikipedia.org/wiki/1998_Gujarat_cyclone,3840,WH001+WH002+WH003+WH004+WH005,R001,,WH002,514.2,,,,,,,,OUT_OF_SCOPE,False,outside Maharashtra (Gujarat)
E2E-015,1999 Chamoli earthquake,EARTHQUAKE,1999-03-29,Uttarakhand,,"Gopeshwar, Chamoli",30.42,79.33,https://en.wikipedia.org/wiki/1999_Chamoli_earthquake,497,WH001,R002,,WH004,1414.0,,,,,,,,OUT_OF_SCOPE,False,outside Maharashtra (Uttarakhand)
E2E-016,Gaisal train collision,RAIL_ACCIDENT,1999-08-02,West Bengal,,"Gaisal, Uttar Dinajpur",26.18417,88.08944,https://en.wikipedia.org/wiki/Gaisal_train_collision,585,WH001+WH002,R002,2142.88,WH004,1735.8,,,,,,,,OUT_OF_SCOPE,False,outside Maharashtra (West Bengal)
E2E-017,1999 Odisha cyclone,CYCLONE,1999-10-29,Odisha,,"Paradip, Jagatsinghpur",20.316,86.61,https://en.wikipedia.org/wiki/1999_Odisha_cyclone,12900000,WH001+WH002+WH003+WH004+WH005,R001,,WH004,1429.2,,,,,,,,OUT_OF_SCOPE,False,outside Maharashtra (Odisha)
E2E-018,2001 Gujarat earthquake,EARTHQUAKE,2001-01-26,Gujarat,,"Bhachau, Kutch",23.296,70.343,https://en.wikipedia.org/wiki/2001_Gujarat_earthquake,28000000,WH001+WH002+WH003+WH004+WH005,R002,,WH002,533.1,,,,,,,,OUT_OF_SCOPE,False,outside Maharashtra (Gujarat)
E2E-019,Rafiganj train wreck,RAIL_ACCIDENT,2002-09-10,Bihar,,"Rafiganj, Aurangabad",24.8317,84.5117,https://en.wikipedia.org/wiki/Rafiganj_train_wreck,280,WH001,R002,,WH004,1346.9,,,,,,,,OUT_OF_SCOPE,False,outside Maharashtra (Bihar)
E2E-020,2004 Kumbakonam School fire,FIRE,2004-07-16,Tamil Nadu,,"Kumbakonam, Thanjavur",10.97,79.42,https://en.wikipedia.org/wiki/2004_Kumbakonam_School_fire,94,WH001,R002,,WH004,1131.7,,,,,,,,OUT_OF_SCOPE,False,outside Maharashtra (Tamil Nadu)
E2E-021,2004 Indian Ocean earthquake and tsunami,TSUNAMI,2004-12-26,Tamil Nadu,,Nagapattinam,10.7672,79.8449,https://en.wikipedia.org/wiki/2004_Indian_Ocean_earthquake_and_tsunami,6051,WH001+WH002+WH003+WH004+WH005,R002,,WH004,1177.7,,,,,,,,OUT_OF_SCOPE,False,outside Maharashtra (Tamil Nadu)
E2E-022,Mandher Devi temple stampede,STAMPEDE,2005-01-25,Maharashtra,Satara,"Mandhardevi, Wai, Satara",18.04672,73.87548,https://en.wikipedia.org/wiki/Mandher_Devi_temple_stampede,291,WH001,R002,,WH004,144.3,4.47,155.44,213.13,159.9,217.6,measured chain + measured final leg (screening probe),>150,UNREALISTIC_DISTANCE,False,lower bound 159.9 km > 150 km
E2E-023,Maharashtra floods of 2005,FLOOD,2005-07-26,Maharashtra,Mumbai Suburban,"Santacruz, Mumbai",19.08167,72.84139,https://en.wikipedia.org/wiki/Maharashtra_floods_of_2005,1094,WH001+WH002+WH003,R001,,WH002,3.3,24.29,6.92,,31.2,38.1,measured chain + straight-line x 2.0 (estimate),25-50,IN_SCOPE,True,
E2E-024,2007 Bihar flood,FLOOD,2007-08-01,Bihar,,Darbhanga,26.17,85.9,https://en.wikipedia.org/wiki/2007_Bihar_flood,10000000,WH001+WH002+WH003+WH004+WH005,R001,,WH004,1539.0,,,,,,,,OUT_OF_SCOPE,False,outside Maharashtra (Bihar)
E2E-025,2008 Naina Devi temple stampede,STAMPEDE,2008-08-03,Himachal Pradesh,,"Naina Devi, Bilaspur",31.359,76.488,https://en.wikipedia.org/wiki/2008_Naina_Devi_temple_stampede,296,WH001,R002,,WH002,1410.0,,,,,,,,OUT_OF_SCOPE,False,outside Maharashtra (Himachal Pradesh)
E2E-026,2008 Bihar flood,FLOOD,2008-08-18,Bihar,,Supaul,26.126,86.605,https://en.wikipedia.org/wiki/2008_Bihar_flood,2300000,WH001+WH002+WH003+WH004+WH005,R001,,WH004,1599.2,,,,,,,,OUT_OF_SCOPE,False,outside Maharashtra (Bihar)
E2E-027,Cyclone Aila,CYCLONE,2009-05-25,West Bengal,,"Sagar Island, South 24 Parganas",21.6528,88.0753,https://en.wikipedia.org/wiki/Cyclone_Aila,350000,WH001+WH002+WH003+WH004+WH005,R001,,WH004,1595.1,,,,,,,,OUT_OF_SCOPE,False,outside Maharashtra (West Bengal)
E2E-028,2009 Jaipur fire,EXPLOSION,2009-10-29,Rajasthan,,"Sitapura, Jaipur",26.82211,75.74186,https://en.wikipedia.org/wiki/2009_Jaipur_fire,312,WH001,R002,,WH004,906.9,,,,,,,,OUT_OF_SCOPE,False,outside Maharashtra (Rajasthan)
E2E-029,Stephen Court fire,FIRE,2010-03-23,West Bengal,,"Park Street, Kolkata",22.5524,88.3522,https://en.wikipedia.org/wiki/Stephen_Court_fire,63,WH001,R002,,WH004,1639.4,,,,,,,,OUT_OF_SCOPE,False,outside Maharashtra (West Bengal)
E2E-030,Cyclone Laila,CYCLONE,2010-05-20,Andhra Pradesh,,Bapatla,15.90444,80.4675,https://en.wikipedia.org/wiki/Cyclone_Laila,280000,WH001+WH002+WH003+WH004+WH005,R001,,WH004,864.1,,,,,,,,OUT_OF_SCOPE,False,outside Maharashtra (Andhra Pradesh)
E2E-031,Air India Express Flight 812,AIR_ACCIDENT,2010-05-22,Karnataka,,"Bajpe, Mangalore",12.94667,74.87361,https://en.wikipedia.org/wiki/Air_India_Express_Flight_812,166,WH001,R002,,WH004,708.0,,,,,,,,OUT_OF_SCOPE,False,outside Maharashtra (Karnataka)
E2E-032,2010 Ladakh floods,FLASH_FLOOD,2010-08-06,Ladakh,,Leh,34.1526,77.5771,https://en.wikipedia.org/wiki/2010_Ladakh_floods,9000,WH001+WH002+WH003+WH004+WH005,R002,,WH002,1736.8,,,,,,,,OUT_OF_SCOPE,False,outside Maharashtra (Ladakh)
E2E-033,2011 Sabarimala crowd crush,STAMPEDE,2011-01-14,Kerala,,"Pulmedu, Idukki",9.46331,77.09372,https://en.wikipedia.org/wiki/2011_Sabarimala_crowd_crush,206,WH001,R002,,WH004,1153.6,,,,,,,,OUT_OF_SCOPE,False,outside Maharashtra (Kerala)
E2E-034,2011 Sikkim earthquake,EARTHQUAKE,2011-09-18,Sikkim,,"Mangan, North Sikkim",27.52,88.53,https://en.wikipedia.org/wiki/2011_Sikkim_earthquake,2000,WH001+WH002+WH003+WH004+WH005,R002,,WH004,1839.8,,,,,,,,OUT_OF_SCOPE,False,outside Maharashtra (Sikkim)
E2E-035,Sivakasi factory explosion,EXPLOSION,2012-09-05,Tamil Nadu,,"Mudalipatti, Sivakasi",9.4533,77.8024,https://en.wikipedia.org/wiki/Sivakasi_factory_explosion,110,WH001,R002,1468.77,WH004,1185.7,,,,,,,,OUT_OF_SCOPE,False,outside Maharashtra (Tamil Nadu)
E2E-036,Cyclone Nilam,CYCLONE,2012-10-31,Tamil Nadu,,"Mamallapuram, Chengalpattu",12.61972,80.19444,https://en.wikipedia.org/wiki/Cyclone_Nilam,150000,WH001+WH002+WH003+WH004+WH005,R001,,WH004,1049.3,,,,,,,,OUT_OF_SCOPE,False,outside Maharashtra (Tamil Nadu)
E2E-037,2013 Prayag Kumbh Mela stampede,STAMPEDE,2013-02-10,Uttar Pradesh,,"Allahabad Junction, Prayagraj",25.446,81.8289,https://en.wikipedia.org/wiki/2013_Prayag_Kumbh_Mela_stampede,87,WH001,R002,,WH004,1150.9,,,,,,,,OUT_OF_SCOPE,False,outside Maharashtra (Uttar Pradesh)
E2E-038,2013 Thane building collapse,BUILDING_COLLAPSE,2013-04-04,Maharashtra,Thane,"Shil Phata, Mumbra, Thane",19.1709,73.0277,https://en.wikipedia.org/wiki/2013_Thane_building_collapse,174,WH001,R002,37.39,WH004,12.4,4.47,18.97,,23.4,37.39,measured: full route in the previous run (same chain),25-50,IN_SCOPE,True,
E2E-039,2013 North India floods,FLASH_FLOOD,2013-06-16,Uttarakhand,,"Kedarnath, Rudraprayag",30.73,79.07,https://en.wikipedia.org/wiki/2013_North_India_floods,300000,WH001+WH002+WH003+WH004+WH005,R002,,WH004,1433.2,,,,,,,,OUT_OF_SCOPE,False,outside Maharashtra (Uttarakhand)
E2E-040,Cyclone Phailin,CYCLONE,2013-10-12,Odisha,,"Gopalpur, Ganjam",19.27,84.92,https://en.wikipedia.org/wiki/Cyclone_Phailin,1154725,WH001+WH002+WH003+WH004+WH005,R001,,WH004,1249.9,,,,,,,,OUT_OF_SCOPE,False,outside Maharashtra (Odisha)
E2E-041,2014 Malin landslide,LANDSLIDE,2014-07-30,Maharashtra,Pune,"Malin, Ambegaon, Pune",19.16111,73.68833,https://en.wikipedia.org/wiki/2014_Malin_landslide,173,WH001,R002,,WH004,71.1,4.47,85.69,224.38,90.2,228.8,measured chain + measured final leg (screening probe),>150,UNREALISTIC_DISTANCE,False,measured road distance 228.8 km > 150 km
E2E-042,2014 India–Pakistan floods,FLOOD,2014-09-07,Jammu and Kashmir,,Srinagar,34.09,74.79,https://en.wikipedia.org/wiki/2014_India%E2%80%93Pakistan_floods,1100000,WH001+WH002+WH003+WH004+WH005,R001,,WH002,1676.7,,,,,,,,OUT_OF_SCOPE,False,outside Maharashtra (Jammu and Kashmir)
E2E-043,Cyclone Hudhud,CYCLONE,2014-10-12,Andhra Pradesh,,Visakhapatnam,17.69389,83.29222,https://en.wikipedia.org/wiki/Cyclone_Hudhud,730000,WH001+WH002+WH003+WH004+WH005,R001,,WH004,1094.4,,,,,,,,OUT_OF_SCOPE,False,outside Maharashtra (Andhra Pradesh)
E2E-044,2015 South India floods,FLOOD,2015-12-01,Tamil Nadu,,Chennai,13.0825,80.275,https://en.wikipedia.org/wiki/2015_South_India_floods,1800000,WH001+WH002+WH003+WH004+WH005,R001,,WH004,1020.8,,,,,,,,OUT_OF_SCOPE,False,outside Maharashtra (Tamil Nadu)
E2E-045,2016 Imphal earthquake,EARTHQUAKE,2016-01-04,Manipur,,Imphal,24.834,93.656,https://en.wikipedia.org/wiki/2016_Imphal_earthquake,213,WH001,R002,,WH004,2220.2,,,,,,,,OUT_OF_SCOPE,False,outside Maharashtra (Manipur)
E2E-046,2016 Kolkata flyover collapse,STRUCTURAL_COLLAPSE,2016-03-31,West Bengal,,"Girish Park, Kolkata",22.58637,88.35826,https://en.wikipedia.org/wiki/2016_Kolkata_flyover_collapse,107,WH001,R002,,WH004,1640.7,,,,,,,,OUT_OF_SCOPE,False,outside Maharashtra (West Bengal)
E2E-047,Puttingal temple fire,EXPLOSION,2016-04-10,Kerala,,"Paravur, Kollam",8.8126,76.6644,https://en.wikipedia.org/wiki/Puttingal_temple_fire,461,WH001,R002,,WH004,1205.2,,,,,,,,OUT_OF_SCOPE,False,outside Maharashtra (Kerala)
E2E-048,Pukhrayan train derailment,RAIL_ACCIDENT,2016-11-20,Uttar Pradesh,,"Pukhrayan, Kanpur Dehat",26.23,79.85,https://en.wikipedia.org/wiki/Pukhrayan_train_derailment,300,WH001,R002,,WH004,1061.1,,,,,,,,OUT_OF_SCOPE,False,outside Maharashtra (Uttar Pradesh)
E2E-049,Cyclone Vardah,CYCLONE,2016-12-12,Tamil Nadu,,Chennai,13.0825,80.275,https://en.wikipedia.org/wiki/Cyclone_Vardah,1226000,WH001+WH002+WH003+WH004+WH005,R001,,WH004,1020.8,,,,,,,,OUT_OF_SCOPE,False,outside Maharashtra (Tamil Nadu)
E2E-050,2017 Gujarat flood,FLOOD,2017-07-25,Gujarat,,"Dhanera, Banaskantha",24.52,72.02,https://en.wikipedia.org/wiki/2017_Gujarat_flood,113000,WH001+WH002+WH003+WH004+WH005,R001,,WH002,607.6,,,,,,,,OUT_OF_SCOPE,False,outside Maharashtra (Gujarat)
E2E-051,2017 Mumbai stampede,STAMPEDE,2017-09-29,Maharashtra,Mumbai City,"Prabhadevi (Elphinstone Road), Mumbai",19.00753,72.83598,https://en.wikipedia.org/wiki/2017_Mumbai_stampede,62,WH001,R002,,WH003,2.0,4.47,8.79,,13.3,22.0,measured chain + straight-line x 2.0 (estimate),10-25,IN_SCOPE,True,
E2E-052,Cyclone Ockhi,CYCLONE,2017-11-30,Tamil Nadu,,Kanyakumari,8.0883,77.5385,https://en.wikipedia.org/wiki/Cyclone_Ockhi,35800,WH001+WH002+WH003+WH004+WH005,R001,,WH004,1313.8,,,,,,,,OUT_OF_SCOPE,False,outside Maharashtra (Tamil Nadu)
E2E-053,Kamala Mills fire,FIRE,2017-12-29,Maharashtra,Mumbai City,"Lower Parel, Mumbai",19.00369,72.82754,https://en.wikipedia.org/wiki/Kamala_Mills_fire,69,WH001,R002,,WH003,3.0,4.47,9.61,,14.1,23.7,measured chain + straight-line x 2.0 (estimate),10-25,IN_SCOPE,True,
E2E-054,2018 Indian dust storms,DUST_STORM,2018-05-02,Uttar Pradesh,,Agra,27.18,78.02,https://en.wikipedia.org/wiki/2018_Indian_dust_storms,325,WH001,R001,,WH004,1037.3,,,,,,,,OUT_OF_SCOPE,False,outside Maharashtra (Uttar Pradesh)
E2E-055,2018 Kerala floods,FLOOD,2018-08-16,Kerala,,"Chengannur, Alappuzha",9.31848,76.61402,https://en.wikipedia.org/wiki/2018_Kerala_floods,1247496,WH001+WH002+WH003+WH004+WH005,R001,,WH004,1150.2,,,,,,,,OUT_OF_SCOPE,False,outside Maharashtra (Kerala)
E2E-056,Cyclone Titli,CYCLONE,2018-10-11,Andhra Pradesh,,"Palasa, Srikakulam",18.7731,84.40783,https://en.wikipedia.org/wiki/Cyclone_Titli,600000,WH001+WH002+WH003+WH004+WH005,R001,,WH004,1198.1,,,,,,,,OUT_OF_SCOPE,False,outside Maharashtra (Andhra Pradesh)
E2E-057,Amritsar train disaster,RAIL_ACCIDENT,2018-10-19,Punjab,,"Joda Phatak, Amritsar",31.63083,74.89722,https://en.wikipedia.org/wiki/Amritsar_train_disaster,262,WH001,R002,,WH002,1407.3,,,,,,,,OUT_OF_SCOPE,False,outside Maharashtra (Punjab)
E2E-058,Cyclone Gaja,CYCLONE,2018-11-16,Tamil Nadu,,"Vedaranyam, Nagapattinam",10.37739,79.8495,https://en.wikipedia.org/wiki/Cyclone_Gaja,80000,WH001+WH002+WH003+WH004+WH005,R001,,WH004,1212.6,,,,,,,,OUT_OF_SCOPE,False,outside Maharashtra (Tamil Nadu)
E2E-059,2019 Mumbai foot overbridge collapse,STRUCTURAL_COLLAPSE,2019-03-14,Maharashtra,Mumbai City,"CSMT, Mumbai",18.9422,72.83466,https://en.wikipedia.org/wiki/2019_Mumbai_foot_overbridge_collapse,36,WH001,R002,,WH003,8.8,4.47,15.55,,20.0,30.9,measured chain + straight-line x 1.7 (estimate),25-50,IN_SCOPE,True,
E2E-060,Cyclone Fani,CYCLONE,2019-05-03,Odisha,,Puri,19.81056,85.83139,https://en.wikipedia.org/wiki/Cyclone_Fani,10000000,WH001+WH002+WH003+WH004+WH005,R001,,WH004,1345.7,,,,,,,,OUT_OF_SCOPE,False,outside Maharashtra (Odisha)
E2E-061,2019 Surat fire,FIRE,2019-05-24,Gujarat,,"Sarthana, Surat",21.23083,72.90083,https://en.wikipedia.org/wiki/2019_Surat_fire,41,WH001,R002,,WH002,235.9,,,,,,,,OUT_OF_SCOPE,False,outside Maharashtra (Gujarat)
E2E-062,Tiware dam failure,DAM_FAILURE,2019-07-02,Maharashtra,Ratnagiri,"Tiware, Chiplun, Ratnagiri",17.60004,73.69472,https://en.wikipedia.org/wiki/Tiware_dam_failure,3000,WH001+WH002+WH003+WH004+WH005,R002,,WH004,177.3,80.17,185.79,,266.0,340.3,measured chain + straight-line x 1.4 (estimate),>150,UNREALISTIC_DISTANCE,False,lower bound 266.0 km > 150 km
E2E-063,2019 Kerala floods,FLOOD,2019-08-08,Kerala,,"Kavalappara, Nilambur, Malappuram",11.2855,76.2386,https://en.wikipedia.org/wiki/2019_Kerala_floods,200000,WH001+WH002+WH003+WH004+WH005,R001,,WH004,930.8,,,,,,,,OUT_OF_SCOPE,False,outside Maharashtra (Kerala)
E2E-064,2019 Pune flood,FLOOD,2019-09-25,Maharashtra,Pune,Pune,18.52489,73.72288,https://en.wikipedia.org/wiki/2019_Pune_flood,28000,WH001+WH002+WH003+WH004+WH005,R001,,WH004,94.9,76.73,111.55,,188.3,232.9,measured chain + straight-line x 1.4 (estimate),>150,UNREALISTIC_DISTANCE,False,lower bound 188.3 km > 150 km
E2E-065,Visakhapatnam gas leak,CHEMICAL_LEAK,2020-05-07,Andhra Pradesh,,"R. R. Venkatapuram, Visakhapatnam",17.75528,83.20889,https://en.wikipedia.org/wiki/Visakhapatnam_gas_leak,1000,WH001+WH002+WH003,R002,,WH004,1084.6,,,,,,,,OUT_OF_SCOPE,False,outside Maharashtra (Andhra Pradesh)
E2E-066,Cyclone Amphan,CYCLONE,2020-05-20,West Bengal,,"Bakkhali, South 24 Parganas",21.5631,88.2595,https://en.wikipedia.org/wiki/Cyclone_Amphan,2000000,WH001+WH002+WH003+WH004+WH005,R001,,WH004,1612.6,,,,,,,,OUT_OF_SCOPE,False,outside Maharashtra (West Bengal)
E2E-067,Cyclone Nisarga,CYCLONE,2020-06-03,Maharashtra,Raigad,"Alibag, Raigad",18.64,72.88,https://en.wikipedia.org/wiki/Cyclone_Nisarga,100000,WH001+WH002+WH003+WH004+WH005,R001,,WH003,42.4,76.73,46.03,105.39,122.8,182.1,measured chain + measured final leg (screening probe),>150,UNREALISTIC_DISTANCE,False,measured road distance 182.1 km > 150 km
E2E-068,2020 Pettimudi landslide,LANDSLIDE,2020-08-06,Kerala,,"Pettimudi, Munnar, Idukki",10.16833,77.01139,https://en.wikipedia.org/wiki/2020_Pettimudi_landslide,66,WH001,R002,,WH004,1077.7,,,,,,,,OUT_OF_SCOPE,False,outside Maharashtra (Kerala)
E2E-069,Air India Express Flight 1344,AIR_ACCIDENT,2020-08-07,Kerala,,"Karipur, Kozhikode",11.13306,75.97028,https://en.wikipedia.org/wiki/Air_India_Express_Flight_1344,190,WH001,R002,,WH004,936.5,,,,,,,,OUT_OF_SCOPE,False,outside Maharashtra (Kerala)
E2E-070,Tariq Garden collapse,BUILDING_COLLAPSE,2020-08-24,Maharashtra,Raigad,"Mahad, Raigad",18.083,73.417,https://en.wikipedia.org/wiki/Tariq_Garden_collapse,46,WH001,R002,,WH004,116.4,4.47,124.19,163.2,128.7,167.7,measured chain + measured final leg (screening probe),>150,UNREALISTIC_DISTANCE,False,measured road distance 167.7 km > 150 km
E2E-071,2020 Vidarbha floods,FLOOD,2020-08-29,Maharashtra,Bhandara,"Bhandara, Vidarbha",21.17,79.65,https://en.wikipedia.org/wiki/2020_Vidarbha_floods,92000,WH001+WH002+WH003+WH004+WH005,R001,,WH004,730.8,76.73,751.01,,827.7,1128.1,measured chain + straight-line x 1.4 (estimate),>150,UNREALISTIC_DISTANCE,False,lower bound 827.7 km > 150 km
E2E-072,Cyclone Nivar,CYCLONE,2020-11-25,Puducherry,,Puducherry,11.91667,79.81667,https://en.wikipedia.org/wiki/Cyclone_Nivar,112000,WH001+WH002+WH003+WH004+WH005,R001,,WH004,1077.2,,,,,,,,OUT_OF_SCOPE,False,outside Maharashtra (Puducherry)
E2E-073,2021 Uttarakhand flood,FLASH_FLOOD,2021-02-07,Uttarakhand,,"Tapovan, Chamoli",30.375,79.731,https://en.wikipedia.org/wiki/2021_Uttarakhand_flood,204,WH001,R002,,WH004,1428.3,,,,,,,,OUT_OF_SCOPE,False,outside Maharashtra (Uttarakhand)
E2E-074,Cyclone Tauktae,CYCLONE,2021-05-17,Gujarat,,"Una, Gir Somnath",20.82,71.03,https://en.wikipedia.org/wiki/Cyclone_Tauktae,11774038,WH001+WH002+WH003+WH004+WH005,R001,,WH002,268.9,,,,,,,,OUT_OF_SCOPE,False,outside Maharashtra (Gujarat)
E2E-075,Cyclone Yaas,CYCLONE,2021-05-26,Odisha,,"Dhamra, Bhadrak",20.79556,86.90083,https://en.wikipedia.org/wiki/Cyclone_Yaas,10000000,WH001+WH002+WH003+WH004+WH005,R001,,WH004,1463.3,,,,,,,,OUT_OF_SCOPE,False,outside Maharashtra (Odisha)
E2E-076,2021 Mumbai landslide,LANDSLIDE,2021-07-18,Maharashtra,Mumbai Suburban,"Chembur, Mumbai",19.051,72.894,https://en.wikipedia.org/wiki/2021_Mumbai_landslide,152,WH001,R002,,WH001,3.3,4.47,3.27,,7.7,11.0,measured chain + straight-line x 2.0 (estimate),10-25,IN_SCOPE,True,
E2E-077,2021 Maharashtra floods,FLOOD,2021-07-22,Maharashtra,Ratnagiri,"Chiplun, Ratnagiri",17.53,73.52,https://en.wikipedia.org/wiki/2021_Maharashtra_floods,375000,WH001+WH002+WH003+WH004+WH005,R001,,WH004,178.1,76.73,184.47,,261.2,335.0,measured chain + straight-line x 1.4 (estimate),>150,UNREALISTIC_DISTANCE,False,lower bound 261.2 km > 150 km
E2E-078,Vaishno Devi Temple stampede,STAMPEDE,2022-01-01,Jammu and Kashmir,,"Vaishno Devi shrine, Katra, Reasi",33.0299,74.9482,https://en.wikipedia.org/wiki/Vaishno_Devi_Temple_stampede,28,WH001,R002,,WH002,1561.8,,,,,,,,OUT_OF_SCOPE,False,outside Maharashtra (Jammu and Kashmir)
E2E-079,2022 Delhi fire,FIRE,2022-05-13,Delhi,,"Mundka, New Delhi",28.67944,77.02835,https://en.wikipedia.org/wiki/2022_Delhi_fire,117,WH001,R002,,WH004,1144.4,,,,,,,,OUT_OF_SCOPE,False,outside Maharashtra (Delhi)
E2E-080,2022 India–Bangladesh floods,FLOOD,2022-06-20,Assam,,"Silchar, Cachar",24.82,92.8,https://en.wikipedia.org/wiki/2022_India%E2%80%93Bangladesh_floods,5600000,WH001+WH002+WH003+WH004+WH005,R001,,WH004,2135.7,,,,,,,,OUT_OF_SCOPE,False,outside Maharashtra (Assam)
E2E-081,2022 Mumbai building collapse,BUILDING_COLLAPSE,2022-06-27,Maharashtra,Mumbai Suburban,"Kurla, Mumbai",19.07261,72.8845,https://en.wikipedia.org/wiki/2022_Mumbai_building_collapse,19,WH001,R002,,WH001,0.8,4.47,0.81,,5.3,6.1,measured chain + straight-line x 2.0 (estimate),0-10,IN_SCOPE,True,
E2E-082,2022 Morbi bridge collapse,STRUCTURAL_COLLAPSE,2022-10-30,Gujarat,,Morbi,22.81833,70.84278,https://en.wikipedia.org/wiki/2022_Morbi_bridge_collapse,321,WH001,R002,,WH002,462.0,,,,,,,,OUT_OF_SCOPE,False,outside Maharashtra (Gujarat)
E2E-083,2023 Odisha train collision,RAIL_ACCIDENT,2023-06-02,Odisha,,"Bahanaga, Balasore",21.3381,86.7644,https://en.wikipedia.org/wiki/2023_Odisha_train_collision,1496,WH001+WH002+WH003+WH004+WH005,R002,,WH004,1456.0,,,,,,,,OUT_OF_SCOPE,False,outside Maharashtra (Odisha)
E2E-084,Cyclone Biparjoy,CYCLONE,2023-06-15,Gujarat,,"Jakhau, Kutch",23.21861,68.71694,https://en.wikipedia.org/wiki/Cyclone_Biparjoy,150000,WH001+WH002+WH003+WH004+WH005,R001,,WH002,626.3,,,,,,,,OUT_OF_SCOPE,False,outside Maharashtra (Gujarat)
E2E-085,2023 Buldhana bus accident,ROAD_ACCIDENT,2023-07-01,Maharashtra,Buldhana,"Sindkhed Raja, Buldhana",19.9667,76.1333,https://en.wikipedia.org/wiki/2023_Buldhana_bus_accident,33,WH001,R002,,WH004,341.5,4.47,355.27,,359.7,501.8,measured chain + straight-line x 1.4 (estimate),>150,UNREALISTIC_DISTANCE,False,lower bound 359.7 km > 150 km
E2E-086,2023 North India floods,FLOOD,2023-07-10,Himachal Pradesh,,Mandi,31.70694,76.93167,https://en.wikipedia.org/wiki/2023_North_India_floods,70000,WH001+WH002+WH003+WH004+WH005,R001,,WH002,1459.1,,,,,,,,OUT_OF_SCOPE,False,outside Maharashtra (Himachal Pradesh)
E2E-087,2023 Raigad landslide,LANDSLIDE,2023-07-19,Maharashtra,Raigad,"Irshalwadi, Khalapur, Raigad",18.81667,73.26667,https://en.wikipedia.org/wiki/2023_Raigad_landslide,233,WH001,R002,,WH004,37.5,4.47,50.05,,54.5,79.5,measured chain + straight-line x 1.5 (estimate),50-100,IN_SCOPE,True,
E2E-088,2023 Nagpur flood,FLOOD,2023-09-23,Maharashtra,Nagpur,Nagpur,21.14972,79.08056,https://en.wikipedia.org/wiki/2023_Nagpur_flood,400,WH001,R001,,WH004,674.1,1.03,687.41,,688.4,963.4,measured chain + straight-line x 1.4 (estimate),>150,UNREALISTIC_DISTANCE,False,lower bound 688.4 km > 150 km
E2E-089,2023 Sikkim flash floods,FLASH_FLOOD,2023-10-04,Sikkim,,"Chungthang, Mangan",27.6045,88.64558,https://en.wikipedia.org/wiki/2023_Sikkim_flash_floods,7600,WH001+WH002+WH003+WH004+WH005,R002,,WH004,1854.2,,,,,,,,OUT_OF_SCOPE,False,outside Maharashtra (Sikkim)
E2E-090,Uttarakhand tunnel rescue,TUNNEL_COLLAPSE,2023-11-12,Uttarakhand,,"Silkyara, Uttarkashi",30.75747,78.26356,https://en.wikipedia.org/wiki/Uttarakhand_tunnel_rescue,41,WH001,R002,,WH004,1403.5,,,,,,,,OUT_OF_SCOPE,False,outside Maharashtra (Uttarakhand)
E2E-091,Cyclone Michaung,CYCLONE,2023-12-05,Andhra Pradesh,,Bapatla,15.90444,80.4675,https://en.wikipedia.org/wiki/Cyclone_Michaung,41000,WH001+WH002+WH003+WH004+WH005,R001,,WH004,864.1,,,,,,,,OUT_OF_SCOPE,False,outside Maharashtra (Andhra Pradesh)
E2E-092,Mumbai billboard collapse,STRUCTURAL_COLLAPSE,2024-05-13,Maharashtra,Mumbai Suburban,"Chheda Nagar, Ghatkopar, Mumbai",19.08,72.91,https://en.wikipedia.org/wiki/Mumbai_billboard_collapse,92,WH001,R002,,WH001,3.4,4.47,3.42,,7.9,11.3,measured chain + straight-line x 2.0 (estimate),10-25,IN_SCOPE,True,
E2E-093,2024 Thane explosion,EXPLOSION,2024-05-23,Maharashtra,Thane,"Dombivli MIDC, Thane",19.21843,73.08672,https://en.wikipedia.org/wiki/2024_Thane_explosion,74,WH001,R002,,WH004,19.0,4.47,27.07,,31.5,50.5,measured chain + straight-line x 1.7 (estimate),50-100,IN_SCOPE,True,
E2E-094,2024 Rajkot gaming zone fire,FIRE,2024-05-25,Gujarat,,Rajkot,22.2728,70.7658,https://en.wikipedia.org/wiki/2024_Rajkot_gaming_zone_fire,32,WH001,R002,,WH002,413.1,,,,,,,,OUT_OF_SCOPE,False,outside Maharashtra (Gujarat)
E2E-095,2024 Hathras crowd crush,STAMPEDE,2024-07-02,Uttar Pradesh,,"Phulrai, Hathras",27.6683,78.4186,https://en.wikipedia.org/wiki/2024_Hathras_crowd_crush,121,WH001,R002,,WH004,1104.1,,,,,,,,OUT_OF_SCOPE,False,outside Maharashtra (Uttar Pradesh)
E2E-096,2024 Wayanad landslides,LANDSLIDE,2024-07-30,Kerala,,"Mundakkai–Chooralmala, Meppadi, Wayanad",11.78178,76.23267,https://en.wikipedia.org/wiki/2024_Wayanad_landslides,10000,WH001+WH002+WH003+WH004+WH005,R002,,WH004,879.4,,,,,,,,OUT_OF_SCOPE,False,outside Maharashtra (Kerala)
E2E-097,Cyclone Dana,CYCLONE,2024-10-25,Odisha,,"Dhamra, Bhadrak",20.79556,86.90083,https://en.wikipedia.org/wiki/Cyclone_Dana,362000,WH001+WH002+WH003+WH004+WH005,R001,,WH004,1463.3,,,,,,,,OUT_OF_SCOPE,False,outside Maharashtra (Odisha)
E2E-098,2025 Bengaluru crowd crush,STAMPEDE,2025-06-04,Karnataka,,"M. Chinnaswamy Stadium, Bengaluru",12.97889,77.59944,https://en.wikipedia.org/wiki/2025_Bengaluru_crowd_crush,67,WH001,R002,,WH004,834.6,,,,,,,,OUT_OF_SCOPE,False,outside Maharashtra (Karnataka)
E2E-099,Air India Flight 171,AIR_ACCIDENT,2025-06-12,Gujarat,,"Meghaninagar, Ahmedabad",23.05494,72.61211,https://en.wikipedia.org/wiki/Air_India_Flight_171,327,WH001,R002,,WH002,439.4,,,,,,,,OUT_OF_SCOPE,False,outside Maharashtra (Gujarat)
E2E-100,2025 Uttarakhand flash flood,FLASH_FLOOD,2025-08-05,Uttarakhand,,"Dharali, Uttarkashi",31.03333,78.73333,https://en.wikipedia.org/wiki/2025_Uttarakhand_flash_flood,295,WH001,R002,,WH004,1449.7,,,,,,,,OUT_OF_SCOPE,False,outside Maharashtra (Uttarakhand)
